date,home_team,away_team,home_score,away_score
2023-08-11 19:00:00+00:00,Burnley FC,Manchester City FC,0,3
2023-08-12 12:00:00+00:00,Arsenal FC,Nottingham Forest FC,2,1
2023-08-12 14:00:00+00:00,AFC Bournemouth,West Ham United FC,1,1
2023-08-12 14:00:00+00:00,Brighton & Hove Albion FC,Luton Town FC,4,1
2023-08-12 14:00:00+00:00,Everton FC,Fulham FC,0,1
2023-08-12 14:00:00+00:00,Sheffield United FC,Crystal Palace FC,0,1
2023-08-12 16:30:00+00:00,Newcastle United FC,Aston Villa FC,5,1
2023-08-13 13:00:00+00:00,Brentford FC,Tottenham Hotspur FC,2,2
2023-08-13 15:30:00+00:00,Chelsea FC,Liverpool FC,1,1
2023-08-14 19:00:00+00:00,Manchester United FC,Wolverhampton Wanderers FC,1,0
2023-08-18 18:30:00+00:00,SV Werder Bremen,FC Bayern München,0,4
2023-08-18 18:45:00+00:00,Nottingham Forest FC,Sheffield United FC,2,1
2023-08-19 13:30:00+00:00,VfB Stuttgart,VfL Bochum 1848,5,0
2023-08-19 13:30:00+00:00,FC Augsburg,Borussia Mönchengladbach,4,4
2023-08-19 13:30:00+00:00,TSG 1899 Hoffenheim,SC Freiburg,1,2
2023-08-19 13:30:00+00:00,VfL Wolfsburg,1. FC Heidenheim 1846,2,0
2023-08-19 13:30:00+00:00,Bayer 04 Leverkusen,RB Leipzig,3,2
2023-08-19 14:00:00+00:00,Liverpool FC,AFC Bournemouth,3,1
2023-08-19 14:00:00+00:00,Wolverhampton Wanderers FC,Brighton & Hove Albion FC,1,4
2023-08-19 14:00:00+00:00,Fulham FC,Brentford FC,0,3
2023-08-19 16:30:00+00:00,Borussia Dortmund,1. FC Köln,1,0
2023-08-19 16:30:00+00:00,Frosinone Calcio,SSC Napoli,1,3
2023-08-19 16:30:00+00:00,Empoli FC,Hellas Verona FC,0,1
2023-08-19 16:30:00+00:00,Tottenham Hotspur FC,Manchester United FC,2,0
2023-08-19 18:45:00+00:00,Genoa CFC,ACF Fiorentina,1,4
2023-08-19 18:45:00+00:00,FC Internazionale Milano,AC Monza,2,0
2023-08-19 19:00:00+00:00,Manchester City FC,Newcastle United FC,1,0
2023-08-20 13:00:00+00:00,Aston Villa FC,Everton FC,4,0
2023-08-20 13:30:00+00:00,1. FC Union Berlin,1. FSV Mainz 05,4,1
2023-08-20 15:30:00+00:00,Eintracht Frankfurt,SV Darmstadt 98,1,0
2023-08-20 15:30:00+00:00,West Ham United FC,Chelsea FC,3,1
2023-08-20 16:30:00+00:00,AS Roma,US Salernitana 1919,2,2
2023-08-20 16:30:00+00:00,US Sassuolo Calcio,Atalanta BC,0,2
2023-08-20 18:45:00+00:00,US Lecce,SS Lazio,2,1
2023-08-20 18:45:00+00:00,Udinese Calcio,Juventus FC,0,3
2023-08-21 16:30:00+00:00,Torino FC,Cagliari Calcio,0,0
2023-08-21 18:45:00+00:00,Bologna FC 1909,AC Milan,0,2
2023-08-21 19:00:00+00:00,Crystal Palace FC,Arsenal FC,0,1
2023-08-25 18:30:00+00:00,RB Leipzig,VfB Stuttgart,5,1
2023-08-25 19:00:00+00:00,Chelsea FC,Luton Town FC,3,0
2023-08-26 11:30:00+00:00,AFC Bournemouth,Tottenham Hotspur FC,0,2
2023-08-26 13:30:00+00:00,SV Darmstadt 98,1. FC Union Berlin,1,4
2023-08-26 13:30:00+00:00,SC Freiburg,SV Werder Bremen,1,0
2023-08-26 13:30:00+00:00,1. FC Heidenheim 1846,TSG 1899 Hoffenheim,2,3
2023-08-26 13:30:00+00:00,VfL Bochum 1848,Borussia Dortmund,1,1
2023-08-26 13:30:00+00:00,1. FC Köln,VfL Wolfsburg,1,2
2023-08-26 14:00:00+00:00,Everton FC,Wolverhampton Wanderers FC,0,1
2023-08-26 14:00:00+00:00,Manchester United FC,Nottingham Forest FC,3,2
2023-08-26 14:00:00+00:00,Arsenal FC,Fulham FC,2,2
2023-08-26 14:00:00+00:00,Brentford FC,Crystal Palace FC,1,1
2023-08-26 16:30:00+00:00,Frosinone Calcio,Atalanta BC,2,1
2023-08-26 16:30:00+00:00,AC Monza,Empoli FC,2,0
2023-08-26 16:30:00+00:00,Borussia Mönchengladbach,Bayer 04 Leverkusen,0,3
2023-08-26 16:30:00+00:00,Brighton & Hove Albion FC,West Ham United FC,1,3
2023-08-26 18:45:00+00:00,Hellas Verona FC,AS Roma,2,1
2023-08-26 18:45:00+00:00,AC Milan,Torino FC,4,1
2023-08-27 13:00:00+00:00,Burnley FC,Aston Villa FC,1,3
2023-08-27 13:00:00+00:00,Sheffield United FC,Manchester City FC,1,2
2023-08-27 13:30:00+00:00,1. FSV Mainz 05,Eintracht Frankfurt,1,1
2023-08-27 15:30:00+00:00,Newcastle United FC,Liverpool FC,1,2
2023-08-27 15:30:00+00:00,FC Bayern München,FC Augsburg,3,1
2023-08-27 16:30:00+00:00,ACF Fiorentina,US Lecce,2,2
2023-08-27 16:30:00+00:00,Juventus FC,Bologna FC 1909,1,1
2023-08-27 18:45:00+00:00,SS Lazio,Genoa CFC,0,1
2023-08-27 18:45:00+00:00,SSC Napoli,US Sassuolo Calcio,2,0
2023-08-28 16:30:00+00:00,US Salernitana 1919,Udinese Calcio,1,1
2023-08-28 18:45:00+00:00,Cagliari Calcio,FC Internazionale Milano,0,2
2023-09-01 16:30:00+00:00,US Sassuolo Calcio,Hellas Verona FC,3,1
2023-09-01 18:30:00+00:00,Borussia Dortmund,1. FC Heidenheim 1846,2,2
2023-09-01 18:45:00+00:00,AS Roma,AC Milan,1,2
2023-09-01 19:00:00+00:00,Luton Town FC,West Ham United FC,1,2
2023-09-02 11:30:00+00:00,Sheffield United FC,Everton FC,2,2
2023-09-02 13:30:00+00:00,Bayer 04 Leverkusen,SV Darmstadt 98,5,1
2023-09-02 13:30:00+00:00,TSG 1899 Hoffenheim,VfL Wolfsburg,3,1
2023-09-02 13:30:00+00:00,VfB Stuttgart,SC Freiburg,5,0
2023-09-02 13:30:00+00:00,SV Werder Bremen,1. FSV Mainz 05,4,0
2023-09-02 13:30:00+00:00,FC Augsburg,VfL Bochum 1848,2,2
2023-09-02 14:00:00+00:00,Burnley FC,Tottenham Hotspur FC,2,5
2023-09-02 14:00:00+00:00,Manchester City FC,Fulham FC,5,1
2023-09-02 14:00:00+00:00,Chelsea FC,Nottingham Forest FC,0,1
2023-09-02 14:00:00+00:00,Brentford FC,AFC Bournemouth,2,2
2023-09-02 16:30:00+00:00,Udinese Calcio,Frosinone Calcio,0,0
2023-09-02 16:30:00+00:00,Brighton & Hove Albion FC,Newcastle United FC,3,1
2023-09-02 16:30:00+00:00,Borussia Mönchengladbach,FC Bayern München,1,2
2023-09-02 16:30:00+00:00,Bologna FC 1909,Cagliari Calcio,2,1
2023-09-02 18:45:00+00:00,Atalanta BC,AC Monza,3,0
2023-09-02 18:45:00+00:00,SSC Napoli,SS Lazio,1,2
2023-09-03 13:00:00+00:00,Liverpool FC,Aston Villa FC,3,0
2023-09-03 13:00:00+00:00,Crystal Palace FC,Wolverhampton Wanderers FC,3,2
2023-09-03 13:30:00+00:00,Eintracht Frankfurt,1. FC Köln,1,1
2023-09-03 15:30:00+00:00,1. FC Union Berlin,RB Leipzig,0,3
2023-09-03 15:30:00+00:00,Arsenal FC,Manchester United FC,3,1
2023-09-03 16:30:00+00:00,FC Internazionale Milano,ACF Fiorentina,4,0
2023-09-03 16:30:00+00:00,Torino FC,Genoa CFC,1,0
2023-09-03 18:45:00+00:00,US Lecce,US Salernitana 1919,2,0
2023-09-03 18:45:00+00:00,Empoli FC,Juventus FC,0,2
2023-09-15 18:30:00+00:00,FC Bayern München,Bayer 04 Leverkusen,2,2
2023-09-16 11:30:00+00:00,Wolverhampton Wanderers FC,Liverpool FC,1,3
2023-09-16 13:00:00+00:00,Juventus FC,SS Lazio,3,1
2023-09-16 13:30:00+00:00,RB Leipzig,FC Augsburg,3,0
2023-09-16 13:30:00+00:00,1. FSV Mainz 05,VfB Stuttgart,1,3
2023-09-16 13:30:00+00:00,1. FC Köln,TSG 1899 Hoffenheim,1,3
2023-09-16 13:30:00+00:00,SC Freiburg,Borussia Dortmund,2,4
2023-09-16 13:30:00+00:00,VfL Wolfsburg,1. FC Union Berlin,2,1
2023-09-16 14:00:00+00:00,West Ham United FC,Manchester City FC,1,3
2023-09-16 14:00:00+00:00,Tottenham Hotspur FC,Sheffield United FC,2,1
2023-09-16 14:00:00+00:00,Manchester United FC,Brighton & Hove Albion FC,1,3
2023-09-16 14:00:00+00:00,Aston Villa FC,Crystal Palace FC,3,1
2023-09-16 14:00:00+00:00,Fulham FC,Luton Town FC,1,0
2023-09-16 16:00:00+00:00,FC Internazionale Milano,AC Milan,5,1
2023-09-16 16:30:00+00:00,Newcastle United FC,Brentford FC,1,0
2023-09-16 16:30:00+00:00,VfL Bochum 1848,Eintracht Frankfurt,1,1
2023-09-16 18:45:00+00:00,Genoa CFC,SSC Napoli,2,2
2023-09-17 10:30:00+00:00,Cagliari Calcio,Udinese Calcio,0,0
2023-09-17 13:00:00+00:00,Frosinone Calcio,US Sassuolo Calcio,4,2
2023-09-17 13:00:00+00:00,AFC Bournemouth,Chelsea FC,0,0
2023-09-17 13:00:00+00:00,AC Monza,US Lecce,1,1
2023-09-17 13:30:00+00:00,1. FC Heidenheim 1846,SV Werder Bremen,4,2
2023-09-17 15:30:00+00:00,Everton FC,Arsenal FC,0,1
2023-09-17 15:30:00+00:00,SV Darmstadt 98,Borussia Mönchengladbach,3,3
2023-09-17 16:00:00+00:00,ACF Fiorentina,Atalanta BC,3,2
2023-09-17 18:45:00+00:00,AS Roma,Empoli FC,7,0
2023-09-18 16:30:00+00:00,US Salernitana 1919,Torino FC,0,3
2023-09-18 18:45:00+00:00,Hellas Verona FC,Bologna FC 1909,0,0
2023-09-18 18:45:00+00:00,Nottingham Forest FC,Burnley FC,1,1
2023-09-22 16:30:00+00:00,US Salernitana 1919,Frosinone Calcio,1,1
2023-09-22 18:30:00+00:00,VfB Stuttgart,SV Darmstadt 98,3,1
2023-09-22 18:45:00+00:00,US Lecce,Genoa CFC,1,0
2023-09-23 13:00:00+00:00,AC Milan,Hellas Verona FC,1,0
2023-09-23 13:30:00+00:00,Borussia Dortmund,VfL Wolfsburg,1,0
2023-09-23 13:30:00+00:00,1. FC Union Berlin,TSG 1899 Hoffenheim,0,2
2023-09-23 13:30:00+00:00,Borussia Mönchengladbach,RB Leipzig,0,1
2023-09-23 13:30:00+00:00,FC Augsburg,1. FSV Mainz 05,2,1
2023-09-23 13:30:00+00:00,FC Bayern München,VfL Bochum 1848,7,0
2023-09-23 14:00:00+00:00,Luton Town FC,Wolverhampton Wanderers FC,1,1
2023-09-23 14:00:00+00:00,Manchester City FC,Nottingham Forest FC,2,0
2023-09-23 14:00:00+00:00,Crystal Palace FC,Fulham FC,0,0
2023-09-23 16:00:00+00:00,US Sassuolo Calcio,Juventus FC,4,2
2023-09-23 16:30:00+00:00,Brentford FC,Everton FC,1,3
2023-09-23 16:30:00+00:00,SV Werder Bremen,1. FC Köln,2,1
2023-09-23 18:45:00+00:00,SS Lazio,AC Monza,1,1
2023-09-23 19:00:00+00:00,Burnley FC,Manchester United FC,0,1
2023-09-24 10:30:00+00:00,Empoli FC,FC Internazionale Milano,0,1
2023-09-24 13:00:00+00:00,Atalanta BC,Cagliari Calcio,2,0
2023-09-24 13:00:00+00:00,Udinese Calcio,ACF Fiorentina,0,2
2023-09-24 13:00:00+00:00,Liverpool FC,West Ham United FC,3,1
2023-09-24 13:00:00+00:00,Chelsea FC,Aston Villa FC,0,1
2023-09-24 13:00:00+00:00,Brighton & Hove Albion FC,AFC Bournemouth,3,1
2023-09-24 13:00:00+00:00,Arsenal FC,Tottenham Hotspur FC,2,2
2023-09-24 13:30:00+00:00,Bayer 04 Leverkusen,1. FC Heidenheim 1846,4,1
2023-09-24 15:30:00+00:00,Eintracht Frankfurt,SC Freiburg,0,0
2023-09-24 15:30:00+00:00,Sheffield United FC,Newcastle United FC,0,8
2023-09-24 16:00:00+00:00,Bologna FC 1909,SSC Napoli,0,0
2023-09-24 18:45:00+00:00,Torino FC,AS Roma,1,1
2023-09-26 18:45:00+00:00,Juventus FC,US Lecce,1,0
2023-09-27 16:30:00+00:00,Hellas Verona FC,Atalanta BC,0,1
2023-09-27 16:30:00+00:00,Empoli FC,US Salernitana 1919,1,0
2023-09-27 16:30:00+00:00,Cagliari Calcio,AC Milan,1,3
2023-09-27 18:45:00+00:00,SSC Napoli,Udinese Calcio,4,1
2023-09-27 18:45:00+00:00,SS Lazio,Torino FC,2,0
2023-09-27 18:45:00+00:00,FC Internazionale Milano,US Sassuolo Calcio,1,2
2023-09-28 16:30:00+00:00,AC Monza,Bologna FC 1909,0,0
2023-09-28 16:30:00+00:00,Frosinone Calcio,ACF Fiorentina,1,1
2023-09-28 18:45:00+00:00,Genoa CFC,AS Roma,4,1
2023-09-29 18:30:00+00:00,TSG 1899 Hoffenheim,Borussia Dortmund,1,3
2023-09-30 11:30:00+00:00,Aston Villa FC,Brighton & Hove Albion FC,6,1
2023-09-30 13:00:00+00:00,US Lecce,SSC Napoli,0,4
2023-09-30 13:30:00+00:00,VfL Wolfsburg,Eintracht Frankfurt,2,0
2023-09-30 13:30:00+00:00,1. FSV Mainz 05,Bayer 04 Leverkusen,0,3
2023-09-30 13:30:00+00:00,1. FC Köln,VfB Stuttgart,0,2
2023-09-30 13:30:00+00:00,VfL Bochum 1848,Borussia Mönchengladbach,1,3
2023-09-30 13:30:00+00:00,1. FC Heidenheim 1846,1. FC Union Berlin,1,0
2023-09-30 14:00:00+00:00,Everton FC,Luton Town FC,1,2
2023-09-30 14:00:00+00:00,Manchester United FC,Crystal Palace FC,0,1
2023-09-30 14:00:00+00:00,Newcastle United FC,Burnley FC,2,0
2023-09-30 14:00:00+00:00,West Ham United FC,Sheffield United FC,2,0
2023-09-30 14:00:00+00:00,Wolverhampton Wanderers FC,Manchester City FC,2,1
2023-09-30 14:00:00+00:00,AFC Bournemouth,Arsenal FC,0,4
2023-09-30 16:00:00+00:00,AC Milan,SS Lazio,2,0
2023-09-30 16:30:00+00:00,RB Leipzig,FC Bayern München,2,2
2023-09-30 16:30:00+00:00,Tottenham Hotspur FC,Liverpool FC,2,1
2023-09-30 18:45:00+00:00,US Salernitana 1919,FC Internazionale Milano,0,4
2023-10-01 10:30:00+00:00,Bologna FC 1909,Empoli FC,3,0
2023-10-01 13:00:00+00:00,Udinese Calcio,Genoa CFC,2,2
2023-10-01 13:00:00+00:00,Nottingham Forest FC,Brentford FC,1,1
2023-10-01 13:30:00+00:00,SV Darmstadt 98,SV Werder Bremen,4,2
2023-10-01 15:30:00+00:00,SC Freiburg,FC Augsburg,2,0
2023-10-01 16:00:00+00:00,Atalanta BC,Juventus FC,0,0
2023-10-01 18:45:00+00:00,AS Roma,Frosinone Calcio,2,0
2023-10-02 16:30:00+00:00,US Sassuolo Calcio,AC Monza,0,1
2023-10-02 16:30:00+00:00,Torino FC,Hellas Verona FC,0,0
2023-10-02 18:45:00+00:00,ACF Fiorentina,Cagliari Calcio,3,0
2023-10-02 19:00:00+00:00,Fulham FC,Chelsea FC,0,2
2023-10-03 18:30:00+00:00,Luton Town FC,Burnley FC,1,2
2023-10-06 16:30:00+00:00,Empoli FC,Udinese Calcio,0,0
2023-10-06 18:30:00+00:00,Borussia Mönchengladbach,1. FSV Mainz 05,2,2
2023-10-06 18:45:00+00:00,US Lecce,US Sassuolo Calcio,1,1
2023-10-07 11:30:00+00:00,Luton Town FC,Tottenham Hotspur FC,0,1
2023-10-07 13:00:00+00:00,FC Internazionale Milano,Bologna FC 1909,2,2
2023-10-07 13:30:00+00:00,Borussia Dortmund,1. FC Union Berlin,4,2
2023-10-07 13:30:00+00:00,RB Leipzig,VfL Bochum 1848,0,0
2023-10-07 13:30:00+00:00,FC Augsburg,SV Darmstadt 98,1,2
2023-10-07 13:30:00+00:00,VfB Stuttgart,VfL Wolfsburg,3,1
2023-10-07 14:00:00+00:00,Everton FC,AFC Bournemouth,3,0
2023-10-07 14:00:00+00:00,Burnley FC,Chelsea FC,1,4
2023-10-07 14:00:00+00:00,Fulham FC,Sheffield United FC,3,1
2023-10-07 14:00:00+00:00,Manchester United FC,Brentford FC,2,1
2023-10-07 16:00:00+00:00,Juventus FC,Torino FC,2,0
2023-10-07 16:30:00+00:00,SV Werder Bremen,TSG 1899 Hoffenheim,2,3
2023-10-07 16:30:00+00:00,Crystal Palace FC,Nottingham Forest FC,0,0
2023-10-07 18:45:00+00:00,Genoa CFC,AC Milan,0,1
2023-10-08 10:30:00+00:00,AC Monza,US Salernitana 1919,3,0
2023-10-08 13:00:00+00:00,SS Lazio,Atalanta BC,3,2
2023-10-08 13:00:00+00:00,Frosinone Calcio,Hellas Verona FC,2,1
2023-10-08 13:00:00+00:00,Brighton & Hove Albion FC,Liverpool FC,2,2
2023-10-08 13:00:00+00:00,West Ham United FC,Newcastle United FC,2,2
2023-10-08 13:00:00+00:00,Wolverhampton Wanderers FC,Aston Villa FC,1,1
2023-10-08 13:30:00+00:00,Bayer 04 Leverkusen,1. FC Köln,3,0
2023-10-08 15:30:00+00:00,FC Bayern München,SC Freiburg,3,0
2023-10-08 15:30:00+00:00,Arsenal FC,Manchester City FC,1,0
2023-10-08 16:00:00+00:00,Cagliari Calcio,AS Roma,1,4
2023-10-08 17:30:00+00:00,Eintracht Frankfurt,1. FC Heidenheim 1846,2,0
2023-10-08 18:45:00+00:00,SSC Napoli,ACF Fiorentina,1,3
2023-10-20 18:30:00+00:00,Borussia Dortmund,SV Werder Bremen,1,0
2023-10-21 11:30:00+00:00,Liverpool FC,Everton FC,2,0
2023-10-21 13:00:00+00:00,Hellas Verona FC,SSC Napoli,1,3
2023-10-21 13:30:00+00:00,SC Freiburg,VfL Bochum 1848,2,1
2023-10-21 13:30:00+00:00,1. FC Union Berlin,VfB Stuttgart,0,3
2023-10-21 13:30:00+00:00,SV Darmstadt 98,RB Leipzig,1,3
2023-10-21 13:30:00+00:00,TSG 1899 Hoffenheim,Eintracht Frankfurt,1,3
2023-10-21 13:30:00+00:00,VfL Wolfsburg,Bayer 04 Leverkusen,1,2
2023-10-21 14:00:00+00:00,Manchester City FC,Brighton & Hove Albion FC,2,1
2023-10-21 14:00:00+00:00,AFC Bournemouth,Wolverhampton Wanderers FC,1,2
2023-10-21 14:00:00+00:00,Nottingham Forest FC,Luton Town FC,2,2
2023-10-21 14:00:00+00:00,Newcastle United FC,Crystal Palace FC,4,0
2023-10-21 14:00:00+00:00,Brentford FC,Burnley FC,3,0
2023-10-21 16:00:00+00:00,Torino FC,FC Internazionale Milano,0,3
2023-10-21 16:30:00+00:00,1. FSV Mainz 05,FC Bayern München,1,3
2023-10-21 16:30:00+00:00,Chelsea FC,Arsenal FC,2,2
2023-10-21 18:45:00+00:00,US Sassuolo Calcio,SS Lazio,0,2
2023-10-21 19:00:00+00:00,Sheffield United FC,Manchester United FC,1,2
2023-10-22 10:30:00+00:00,AS Roma,AC Monza,1,0
2023-10-22 13:00:00+00:00,Bologna FC 1909,Frosinone Calcio,2,1
2023-10-22 13:00:00+00:00,US Salernitana 1919,Cagliari Calcio,2,2
2023-10-22 13:30:00+00:00,1. FC Köln,Borussia Mönchengladbach,3,1
2023-10-22 15:30:00+00:00,1. FC Heidenheim 1846,FC Augsburg,2,5
2023-10-22 15:30:00+00:00,Aston Villa FC,West Ham United FC,4,1
2023-10-22 16:00:00+00:00,Atalanta BC,Genoa CFC,2,0
2023-10-22 18:45:00+00:00,AC Milan,Juventus FC,0,1
2023-10-23 16:30:00+00:00,Udinese Calcio,US Lecce,1,1
2023-10-23 18:45:00+00:00,ACF Fiorentina,Empoli FC,0,2
2023-10-23 19:00:00+00:00,Tottenham Hotspur FC,Fulham FC,2,0
2023-10-27 18:30:00+00:00,VfL Bochum 1848,1. FSV Mainz 05,2,2
2023-10-27 18:45:00+00:00,Genoa CFC,US Salernitana 1919,1,0
2023-10-27 19:00:00+00:00,Crystal Palace FC,Tottenham Hotspur FC,1,2
2023-10-28 11:30:00+00:00,Chelsea FC,Brentford FC,0,2
2023-10-28 13:00:00+00:00,US Sassuolo Calcio,Bologna FC 1909,1,1
2023-10-28 13:30:00+00:00,FC Bayern München,SV Darmstadt 98,8,0
2023-10-28 13:30:00+00:00,Borussia Mönchengladbach,1. FC Heidenheim 1846,2,1
2023-10-28 13:30:00+00:00,VfB Stuttgart,TSG 1899 Hoffenheim,2,3
2023-10-28 13:30:00+00:00,FC Augsburg,VfL Wolfsburg,3,2
2023-10-28 13:30:00+00:00,SV Werder Bremen,1. FC Union Berlin,2,0
2023-10-28 14:00:00+00:00,Arsenal FC,Sheffield United FC,5,0
2023-10-28 14:00:00+00:00,AFC Bournemouth,Burnley FC,2,1
2023-10-28 16:00:00+00:00,US Lecce,Torino FC,0,1
2023-10-28 16:30:00+00:00,RB Leipzig,1. FC Köln,6,0
2023-10-28 16:30:00+00:00,Wolverhampton Wanderers FC,Newcastle United FC,2,2
2023-10-28 18:45:00+00:00,Juventus FC,Hellas Verona FC,1,0
2023-10-29 11:30:00+00:00,Cagliari Calcio,Frosinone Calcio,4,3
2023-10-29 13:00:00+00:00,West Ham United FC,Everton FC,0,1
2023-10-29 14:00:00+00:00,Aston Villa FC,Luton Town FC,3,1
2023-10-29 14:00:00+00:00,Brighton & Hove Albion FC,Fulham FC,1,1
2023-10-29 14:00:00+00:00,Liverpool FC,Nottingham Forest FC,3,0
2023-10-29 14:00:00+00:00,AC Monza,Udinese Calcio,1,1
2023-10-29 14:30:00+00:00,Eintracht Frankfurt,Borussia Dortmund,3,3
2023-10-29 15:30:00+00:00,Manchester United FC,Manchester City FC,0,3
2023-10-29 16:30:00+00:00,Bayer 04 Leverkusen,SC Freiburg,2,1
2023-10-29 17:00:00+00:00,FC Internazionale Milano,AS Roma,1,0
2023-10-29 19:45:00+00:00,SSC Napoli,AC Milan,2,2
2023-10-30 17:30:00+00:00,Empoli FC,Atalanta BC,0,3
2023-10-30 19:45:00+00:00,SS Lazio,ACF Fiorentina,1,0
2023-11-03 19:30:00+00:00,SV Darmstadt 98,VfL Bochum 1848,1,2
2023-11-03 19:45:00+00:00,Bologna FC 1909,SS Lazio,1,0
2023-11-04 12:30:00+00:00,Fulham FC,Manchester United FC,0,1
2023-11-04 14:00:00+00:00,US Salernitana 1919,SSC Napoli,0,2
2023-11-04 14:30:00+00:00,SC Freiburg,Borussia Mönchengladbach,3,3
2023-11-04 14:30:00+00:00,1. FC Köln,FC Augsburg,1,1
2023-11-04 14:30:00+00:00,1. FC Union Berlin,Eintracht Frankfurt,0,3
2023-11-04 14:30:00+00:00,TSG 1899 Hoffenheim,Bayer 04 Leverkusen,2,3
2023-11-04 14:30:00+00:00,1. FSV Mainz 05,RB Leipzig,2,0
2023-11-04 15:00:00+00:00,Burnley FC,Crystal Palace FC,0,2
2023-11-04 15:00:00+00:00,Brentford FC,West Ham United FC,3,2
2023-11-04 15:00:00+00:00,Sheffield United FC,Wolverhampton Wanderers FC,2,1
2023-11-04 15:00:00+00:00,Manchester City FC,AFC Bournemouth,6,1
2023-11-04 15:00:00+00:00,Everton FC,Brighton & Hove Albion FC,1,1
2023-11-04 17:00:00+00:00,Atalanta BC,FC Internazionale Milano,1,2
2023-11-04 17:30:00+00:00,Newcastle United FC,Arsenal FC,1,0
2023-11-04 17:30:00+00:00,Borussia Dortmund,FC Bayern München,0,4
2023-11-04 19:45:00+00:00,AC Milan,Udinese Calcio,0,1
2023-11-05 11:30:00+00:00,Hellas Verona FC,AC Monza,1,3
2023-11-05 14:00:00+00:00,Nottingham Forest FC,Aston Villa FC,2,0
2023-11-05 14:00:00+00:00,Cagliari Calcio,Genoa CFC,2,1
2023-11-05 14:30:00+00:00,VfL Wolfsburg,SV Werder Bremen,2,2
2023-11-05 16:30:00+00:00,Luton Town FC,Liverpool FC,1,1
2023-11-05 16:30:00+00:00,1. FC Heidenheim 1846,VfB Stuttgart,2,0
2023-11-05 17:00:00+00:00,AS Roma,US Lecce,2,1
2023-11-05 19:45:00+00:00,ACF Fiorentina,Juventus FC,0,1
2023-11-06 17:30:00+00:00,Frosinone Calcio,Empoli FC,2,1
2023-11-06 19:45:00+00:00,Torino FC,US Sassuolo Calcio,2,1
2023-11-06 20:00:00+00:00,Tottenham Hotspur FC,Chelsea FC,1,4
2023-11-10 17:30:00+00:00,US Sassuolo Calcio,US Salernitana 1919,2,2
2023-11-10 19:30:00+00:00,Borussia Mönchengladbach,VfL Wolfsburg,4,0
2023-11-10 19:45:00+00:00,Genoa CFC,Hellas Verona FC,1,0
2023-11-11 12:30:00+00:00,Wolverhampton Wanderers FC,Tottenham Hotspur FC,2,1
2023-11-11 14:00:00+00:00,US Lecce,AC Milan,2,2
2023-11-11 14:30:00+00:00,FC Bayern München,1. FC Heidenheim 1846,4,2
2023-11-11 14:30:00+00:00,FC Augsburg,TSG 1899 Hoffenheim,1,1
2023-11-11 14:30:00+00:00,VfB Stuttgart,Borussia Dortmund,2,1
2023-11-11 14:30:00+00:00,SV Darmstadt 98,1. FSV Mainz 05,0,0
2023-11-11 15:00:00+00:00,Crystal Palace FC,Everton FC,2,3
2023-11-11 15:00:00+00:00,Manchester United FC,Luton Town FC,1,0
2023-11-11 15:00:00+00:00,Arsenal FC,Burnley FC,3,1
2023-11-11 17:00:00+00:00,Juventus FC,Cagliari Calcio,2,1
2023-11-11 17:30:00+00:00,AFC Bournemouth,Newcastle United FC,2,0
2023-11-11 17:30:00+00:00,VfL Bochum 1848,1. FC Köln,1,1
2023-11-11 19:45:00+00:00,AC Monza,Torino FC,1,1
2023-11-12 11:30:00+00:00,SSC Napoli,Empoli FC,0,1
2023-11-12 14:00:00+00:00,West Ham United FC,Nottingham Forest FC,3,2
2023-11-12 14:00:00+00:00,Liverpool FC,Brentford FC,3,0
2023-11-12 14:00:00+00:00,Brighton & Hove Albion FC,Sheffield United FC,1,1
2023-11-12 14:00:00+00:00,Aston Villa FC,Fulham FC,3,1
2023-11-12 14:00:00+00:00,ACF Fiorentina,Bologna FC 1909,2,1
2023-11-12 14:00:00+00:00,Udinese Calcio,Atalanta BC,1,1
2023-11-12 14:30:00+00:00,Bayer 04 Leverkusen,1. FC Union Berlin,4,0
2023-11-12 16:30:00+00:00,SV Werder Bremen,Eintracht Frankfurt,2,2
2023-11-12 16:30:00+00:00,Chelsea FC,Manchester City FC,4,4
2023-11-12 17:00:00+00:00,SS Lazio,AS Roma,0,0
2023-11-12 18:30:00+00:00,RB Leipzig,SC Freiburg,3,1
2023-11-12 19:45:00+00:00,FC Internazionale Milano,Frosinone Calcio,2,0
2023-11-24 19:30:00+00:00,1. FC Köln,FC Bayern München,0,1
2023-11-25 12:30:00+00:00,Manchester City FC,Liverpool FC,1,1
2023-11-25 14:00:00+00:00,US Salernitana 1919,SS Lazio,2,1
2023-11-25 14:30:00+00:00,SV Werder Bremen,Bayer 04 Leverkusen,0,3
2023-11-25 14:30:00+00:00,VfL Wolfsburg,RB Leipzig,2,1
2023-11-25 14:30:00+00:00,SC Freiburg,SV Darmstadt 98,1,1
2023-11-25 14:30:00+00:00,1. FC Union Berlin,FC Augsburg,1,1
2023-11-25 14:30:00+00:00,Borussia Dortmund,Borussia Mönchengladbach,4,2
2023-11-25 15:00:00+00:00,Newcastle United FC,Chelsea FC,4,1
2023-11-25 15:00:00+00:00,Sheffield United FC,AFC Bournemouth,1,3
2023-11-25 15:00:00+00:00,Nottingham Forest FC,Brighton & Hove Albion FC,2,3
2023-11-25 15:00:00+00:00,Luton Town FC,Crystal Palace FC,2,1
2023-11-25 15:00:00+00:00,Burnley FC,West Ham United FC,1,2
2023-11-25 17:00:00+00:00,Atalanta BC,SSC Napoli,1,2
2023-11-25 17:30:00+00:00,Brentford FC,Arsenal FC,0,1
2023-11-25 17:30:00+00:00,Eintracht Frankfurt,VfB Stuttgart,1,2
2023-11-25 19:45:00+00:00,AC Milan,ACF Fiorentina,1,0
2023-11-26 11:30:00+00:00,Cagliari Calcio,AC Monza,1,1
2023-11-26 14:00:00+00:00,Tottenham Hotspur FC,Aston Villa FC,1,2
2023-11-26 14:00:00+00:00,Frosinone Calcio,Genoa CFC,2,1
2023-11-26 14:00:00+00:00,Empoli FC,US Sassuolo Calcio,3,4
2023-11-26 14:30:00+00:00,1. FC Heidenheim 1846,VfL Bochum 1848,0,0
2023-11-26 16:30:00+00:00,TSG 1899 Hoffenheim,1. FSV Mainz 05,1,1
2023-11-26 16:30:00+00:00,Everton FC,Manchester United FC,0,3
2023-11-26 17:00:00+00:00,AS Roma,Udinese Calcio,3,1
2023-11-26 19:45:00+00:00,Juventus FC,FC Internazionale Milano,1,1
2023-11-27 17:30:00+00:00,Hellas Verona FC,US Lecce,2,2
2023-11-27 19:45:00+00:00,Bologna FC 1909,Torino FC,2,0
2023-11-27 20:00:00+00:00,Fulham FC,Wolverhampton Wanderers FC,3,2
2023-12-01 19:30:00+00:00,SV Darmstadt 98,1. FC Köln,0,1
2023-12-01 19:45:00+00:00,AC Monza,Juventus FC,1,2
2023-12-02 14:00:00+00:00,Genoa CFC,Empoli FC,1,1
2023-12-02 14:30:00+00:00,Borussia Mönchengladbach,TSG 1899 Hoffenheim,2,1
2023-12-02 14:30:00+00:00,VfL Bochum 1848,VfL Wolfsburg,3,1
2023-12-02 14:30:00+00:00,RB Leipzig,1. FC Heidenheim 1846,2,1
2023-12-02 15:00:00+00:00,Arsenal FC,Wolverhampton Wanderers FC,2,1
2023-12-02 15:00:00+00:00,Brentford FC,Luton Town FC,3,1
2023-12-02 15:00:00+00:00,Burnley FC,Sheffield United FC,5,0
2023-12-02 17:00:00+00:00,SS Lazio,Cagliari Calcio,1,0
2023-12-02 17:30:00+00:00,Nottingham Forest FC,Everton FC,0,1
2023-12-02 17:30:00+00:00,VfB Stuttgart,SV Werder Bremen,2,0
2023-12-02 19:45:00+00:00,AC Milan,Frosinone Calcio,3,1
2023-12-02 20:00:00+00:00,Newcastle United FC,Manchester United FC,1,0
2023-12-03 11:30:00+00:00,US Lecce,Bologna FC 1909,1,1
2023-12-03 14:00:00+00:00,West Ham United FC,Crystal Palace FC,1,1
2023-12-03 14:00:00+00:00,Chelsea FC,Brighton & Hove Albion FC,3,2
2023-12-03 14:00:00+00:00,Liverpool FC,Fulham FC,4,3
2023-12-03 14:00:00+00:00,AFC Bournemouth,Aston Villa FC,2,2
2023-12-03 14:00:00+00:00,Udinese Calcio,Hellas Verona FC,3,3
2023-12-03 14:00:00+00:00,ACF Fiorentina,US Salernitana 1919,3,0
2023-12-03 14:30:00+00:00,1. FSV Mainz 05,SC Freiburg,0,1
2023-12-03 16:30:00+00:00,Manchester City FC,Tottenham Hotspur FC,3,3
2023-12-03 16:30:00+00:00,Bayer 04 Leverkusen,Borussia Dortmund,1,1
2023-12-03 17:00:00+00:00,US Sassuolo Calcio,AS Roma,1,2
2023-12-03 18:30:00+00:00,FC Augsburg,Eintracht Frankfurt,2,1
2023-12-03 19:45:00+00:00,SSC Napoli,FC Internazionale Milano,0,3
2023-12-04 19:45:00+00:00,Torino FC,Atalanta BC,3,0
2023-12-05 19:30:00+00:00,Wolverhampton Wanderers FC,Burnley FC,1,0
2023-12-05 20:15:00+00:00,Luton Town FC,Arsenal FC,3,4
2023-12-06 19:30:00+00:00,Sheffield United FC,Liverpool FC,0,2
2023-12-06 19:30:00+00:00,Brighton & Hove Albion FC,Brentford FC,2,1
2023-12-06 19:30:00+00:00,Crystal Palace FC,AFC Bournemouth,0,2
2023-12-06 19:30:00+00:00,Fulham FC,Nottingham Forest FC,5,0
2023-12-06 20:15:00+00:00,Aston Villa FC,Manchester City FC,1,0
2023-12-06 20:15:00+00:00,Manchester United FC,Chelsea FC,2,1
2023-12-07 19:30:00+00:00,Everton FC,Newcastle United FC,3,0
2023-12-07 20:15:00+00:00,Tottenham Hotspur FC,West Ham United FC,1,2
2023-12-08 19:30:00+00:00,TSG 1899 Hoffenheim,VfL Bochum 1848,3,1
2023-12-08 19:45:00+00:00,Juventus FC,SSC Napoli,1,0
2023-12-09 12:30:00+00:00,Crystal Palace FC,Liverpool FC,1,2
2023-12-09 14:00:00+00:00,Hellas Verona FC,SS Lazio,1,1
2023-12-09 14:30:00+00:00,Eintracht Frankfurt,FC Bayern München,5,1
2023-12-09 14:30:00+00:00,VfL Wolfsburg,SC Freiburg,0,1
2023-12-09 14:30:00+00:00,SV Werder Bremen,FC Augsburg,2,0
2023-12-09 14:30:00+00:00,1. FC Heidenheim 1846,SV Darmstadt 98,3,2
2023-12-09 14:30:00+00:00,1. FC Union Berlin,Borussia Mönchengladbach,3,1
2023-12-09 15:00:00+00:00,Brighton & Hove Albion FC,Burnley FC,1,1
2023-12-09 15:00:00+00:00,Manchester United FC,AFC Bournemouth,0,3
2023-12-09 15:00:00+00:00,Wolverhampton Wanderers FC,Nottingham Forest FC,1,1
2023-12-09 15:00:00+00:00,Sheffield United FC,Brentford FC,1,0
2023-12-09 17:00:00+00:00,Atalanta BC,AC Milan,3,2
2023-12-09 17:30:00+00:00,Borussia Dortmund,RB Leipzig,2,3
2023-12-09 17:30:00+00:00,Aston Villa FC,Arsenal FC,1,0
2023-12-09 19:45:00+00:00,FC Internazionale Milano,Udinese Calcio,4,0
2023-12-10 11:30:00+00:00,Frosinone Calcio,Torino FC,0,0
2023-12-10 14:00:00+00:00,AC Monza,Genoa CFC,1,0
2023-12-10 14:00:00+00:00,Everton FC,Chelsea FC,2,0
2023-12-10 14:00:00+00:00,Fulham FC,West Ham United FC,5,0
2023-12-10 14:00:00+00:00,Luton Town FC,Manchester City FC,1,2
2023-12-10 14:30:00+00:00,VfB Stuttgart,Bayer 04 Leverkusen,1,1
2023-12-10 16:30:00+00:00,Tottenham Hotspur FC,Newcastle United FC,4,1
2023-12-10 16:30:00+00:00,1. FC Köln,1. FSV Mainz 05,0,0
2023-12-10 17:00:00+00:00,US Salernitana 1919,Bologna FC 1909,1,2
2023-12-10 19:45:00+00:00,AS Roma,ACF Fiorentina,1,1
2023-12-11 17:30:00+00:00,Empoli FC,US Lecce,1,1
2023-12-11 19:45:00+00:00,Cagliari Calcio,US Sassuolo Calcio,2,1
2023-12-15 19:30:00+00:00,Borussia Mönchengladbach,SV Werder Bremen,2,2
2023-12-15 19:45:00+00:00,Genoa CFC,Juventus FC,1,1
2023-12-15 20:00:00+00:00,Nottingham Forest FC,Tottenham Hotspur FC,0,2
2023-12-16 14:00:00+00:00,US Lecce,Frosinone Calcio,2,1
2023-12-16 14:30:00+00:00,1. FSV Mainz 05,1. FC Heidenheim 1846,0,1
2023-12-16 14:30:00+00:00,SV Darmstadt 98,VfL Wolfsburg,0,1
2023-12-16 14:30:00+00:00,FC Augsburg,Borussia Dortmund,1,1
2023-12-16 14:30:00+00:00,VfL Bochum 1848,1. FC Union Berlin,3,0
2023-12-16 15:00:00+00:00,Newcastle United FC,Fulham FC,3,0
2023-12-16 15:00:00+00:00,Chelsea FC,Sheffield United FC,2,0
2023-12-16 15:00:00+00:00,Manchester City FC,Crystal Palace FC,2,2
2023-12-16 17:30:00+00:00,SSC Napoli,Cagliari Calcio,2,1
2023-12-16 17:30:00+00:00,Burnley FC,Everton FC,0,2
2023-12-16 17:30:00+00:00,RB Leipzig,TSG 1899 Hoffenheim,3,1
2023-12-16 19:45:00+00:00,Torino FC,Empoli FC,1,0
2023-12-17 11:30:00+00:00,AC Milan,AC Monza,3,0
2023-12-17 14:00:00+00:00,ACF Fiorentina,Hellas Verona FC,1,0
2023-12-17 14:00:00+00:00,Brentford FC,Aston Villa FC,1,2
2023-12-17 14:00:00+00:00,Udinese Calcio,US Sassuolo Calcio,2,2
2023-12-17 14:00:00+00:00,Arsenal FC,Brighton & Hove Albion FC,2,0
2023-12-17 14:00:00+00:00,West Ham United FC,Wolverhampton Wanderers FC,3,0
2023-12-17 14:30:00+00:00,SC Freiburg,1. FC Köln,2,0
2023-12-17 16:30:00+00:00,Liverpool FC,Manchester United FC,0,0
2023-12-17 16:30:00+00:00,Bayer 04 Leverkusen,Eintracht Frankfurt,3,0
2023-12-17 17:00:00+00:00,Bologna FC 1909,AS Roma,2,0
2023-12-17 18:30:00+00:00,FC Bayern München,VfB Stuttgart,3,0
2023-12-17 19:45:00+00:00,SS Lazio,FC Internazionale Milano,0,2
2023-12-18 19:45:00+00:00,Atalanta BC,US Salernitana 1919,4,1
2023-12-19 17:30:00+00:00,SV Werder Bremen,RB Leipzig,1,1
2023-12-19 19:30:00+00:00,Borussia Dortmund,1. FSV Mainz 05,1,1
2023-12-19 19:30:00+00:00,TSG 1899 Hoffenheim,SV Darmstadt 98,3,3
2023-12-20 17:30:00+00:00,1. FC Union Berlin,1. FC Köln,2,0
2023-12-20 19:30:00+00:00,1. FC Heidenheim 1846,SC Freiburg,3,2
2023-12-20 19:30:00+00:00,VfB Stuttgart,FC Augsburg,3,0
2023-12-20 19:30:00+00:00,VfL Wolfsburg,FC Bayern München,1,2
2023-12-20 19:30:00+00:00,Eintracht Frankfurt,Borussia Mönchengladbach,2,1
2023-12-20 19:30:00+00:00,Bayer 04 Leverkusen,VfL Bochum 1848,4,0
2023-12-21 20:00:00+00:00,Crystal Palace FC,Brighton & Hove Albion FC,1,1
2023-12-22 17:30:00+00:00,US Sassuolo Calcio,Genoa CFC,1,2
2023-12-22 17:30:00+00:00,Empoli FC,SS Lazio,0,2
2023-12-22 19:45:00+00:00,AC Monza,ACF Fiorentina,0,1
2023-12-22 19:45:00+00:00,US Salernitana 1919,AC Milan,2,2
2023-12-22 20:00:00+00:00,Aston Villa FC,Sheffield United FC,1,1
2023-12-23 11:30:00+00:00,Frosinone Calcio,Juventus FC,1,2
2023-12-23 12:30:00+00:00,West Ham United FC,Manchester United FC,2,0
2023-12-23 14:00:00+00:00,Torino FC,Udinese Calcio,1,1
2023-12-23 14:00:00+00:00,Bologna FC 1909,Atalanta BC,1,0
2023-12-23 15:00:00+00:00,Fulham FC,Burnley FC,0,2
2023-12-23 15:00:00+00:00,Luton Town FC,Newcastle United FC,1,0
2023-12-23 15:00:00+00:00,Nottingham Forest FC,AFC Bournemouth,2,3
2023-12-23 15:00:00+00:00,Tottenham Hotspur FC,Everton FC,2,1
2023-12-23 17:00:00+00:00,FC Internazionale Milano,US Lecce,2,0
2023-12-23 17:00:00+00:00,Hellas Verona FC,Cagliari Calcio,2,0
2023-12-23 17:30:00+00:00,Liverpool FC,Arsenal FC,1,1
2023-12-23 19:45:00+00:00,AS Roma,SSC Napoli,2,0
2023-12-24 13:00:00+00:00,Wolverhampton Wanderers FC,Chelsea FC,2,1
2023-12-26 12:30:00+00:00,Newcastle United FC,Nottingham Forest FC,1,3
2023-12-26 15:00:00+00:00,Sheffield United FC,Luton Town FC,2,3
2023-12-26 15:00:00+00:00,AFC Bournemouth,Fulham FC,3,0
2023-12-26 17:30:00+00:00,Burnley FC,Liverpool FC,0,2
2023-12-26 20:00:00+00:00,Manchester United FC,Aston Villa FC,3,2
2023-12-27 19:30:00+00:00,Brentford FC,Wolverhampton Wanderers FC,1,4
2023-12-27 19:30:00+00:00,Chelsea FC,Crystal Palace FC,2,1
2023-12-27 20:15:00+00:00,Everton FC,Manchester City FC,1,3
2023-12-28 19:30:00+00:00,Brighton & Hove Albion FC,Tottenham Hotspur FC,4,2
2023-12-28 20:15:00+00:00,Arsenal FC,West Ham United FC,0,2
2023-12-29 17:30:00+00:00,SSC Napoli,AC Monza,0,0
2023-12-29 17:30:00+00:00,ACF Fiorentina,Torino FC,1,0
2023-12-29 19:45:00+00:00,SS Lazio,Frosinone Calcio,3,1
2023-12-29 19:45:00+00:00,Genoa CFC,FC Internazionale Milano,1,1
2023-12-30 11:30:00+00:00,Atalanta BC,US Lecce,1,0
2023-12-30 12:30:00+00:00,Luton Town FC,Chelsea FC,2,3
2023-12-30 14:00:00+00:00,Cagliari Calcio,Empoli FC,0,0
2023-12-30 14:00:00+00:00,Udinese Calcio,Bologna FC 1909,3,0
2023-12-30 15:00:00+00:00,Manchester City FC,Sheffield United FC,2,0
2023-12-30 15:00:00+00:00,Aston Villa FC,Burnley FC,3,2
2023-12-30 15:00:00+00:00,Crystal Palace FC,Brentford FC,3,1
2023-12-30 15:00:00+00:00,Wolverhampton Wanderers FC,Everton FC,3,0
2023-12-30 17:00:00+00:00,Hellas Verona FC,US Salernitana 1919,0,1
2023-12-30 17:00:00+00:00,AC Milan,US Sassuolo Calcio,1,0
2023-12-30 17:30:00+00:00,Nottingham Forest FC,Manchester United FC,2,1
2023-12-30 19:45:00+00:00,Juventus FC,AS Roma,1,0
2023-12-31 14:00:00+00:00,Fulham FC,Arsenal FC,2,1
2023-12-31 14:00:00+00:00,Tottenham Hotspur FC,AFC Bournemouth,3,1
2024-01-01 20:00:00+00:00,Liverpool FC,Newcastle United FC,4,2
2024-01-02 19:30:00+00:00,West Ham United FC,Brighton & Hove Albion FC,0,0
2024-01-05 19:45:00+00:00,Bologna FC 1909,Genoa CFC,1,1
2024-01-06 11:30:00+00:00,FC Internazionale Milano,Hellas Verona FC,2,1
2024-01-06 14:00:00+00:00,Frosinone Calcio,AC Monza,2,3
2024-01-06 17:00:00+00:00,US Lecce,Cagliari Calcio,1,1
2024-01-06 19:45:00+00:00,US Sassuolo Calcio,ACF Fiorentina,1,0
2024-01-07 11:30:00+00:00,Empoli FC,AC Milan,0,3
2024-01-07 14:00:00+00:00,Torino FC,SSC Napoli,3,0
2024-01-07 14:00:00+00:00,Udinese Calcio,SS Lazio,1,2
2024-01-07 17:00:00+00:00,US Salernitana 1919,Juventus FC,1,2
2024-01-07 19:45:00+00:00,AS Roma,Atalanta BC,1,1
2024-01-12 19:30:00+00:00,FC Bayern München,TSG 1899 Hoffenheim,3,0
2024-01-12 19:45:00+00:00,Burnley FC,Luton Town FC,1,1
2024-01-13 12:30:00+00:00,Chelsea FC,Fulham FC,1,0
2024-01-13 14:00:00+00:00,SSC Napoli,US Salernitana 1919,2,1
2024-01-13 14:00:00+00:00,Genoa CFC,Torino FC,0,0
2024-01-13 14:30:00+00:00,1. FSV Mainz 05,VfL Wolfsburg,1,1
2024-01-13 14:30:00+00:00,1. FC Köln,1. FC Heidenheim 1846,1,1
2024-01-13 14:30:00+00:00,SC Freiburg,1. FC Union Berlin,0,0
2024-01-13 14:30:00+00:00,FC Augsburg,Bayer 04 Leverkusen,0,1
2024-01-13 14:30:00+00:00,RB Leipzig,Eintracht Frankfurt,0,1
2024-01-13 17:00:00+00:00,Hellas Verona FC,Empoli FC,2,1
2024-01-13 17:30:00+00:00,Newcastle United FC,Manchester City FC,2,3
2024-01-13 17:30:00+00:00,SV Darmstadt 98,Borussia Dortmund,0,3
2024-01-13 19:45:00+00:00,AC Monza,FC Internazionale Milano,1,5
2024-01-14 11:30:00+00:00,SS Lazio,US Lecce,1,0
2024-01-14 14:00:00+00:00,Cagliari Calcio,Bologna FC 1909,2,1
2024-01-14 14:00:00+00:00,Everton FC,Aston Villa FC,0,0
2024-01-14 14:30:00+00:00,VfL Bochum 1848,SV Werder Bremen,1,1
2024-01-14 16:30:00+00:00,Manchester United FC,Tottenham Hotspur FC,2,2
2024-01-14 16:30:00+00:00,Borussia Mönchengladbach,VfB Stuttgart,3,1
2024-01-14 17:00:00+00:00,ACF Fiorentina,Udinese Calcio,2,2
2024-01-14 19:45:00+00:00,AC Milan,AS Roma,3,1
2024-01-15 19:45:00+00:00,Atalanta BC,Frosinone Calcio,5,0
2024-01-16 19:45:00+00:00,Juventus FC,US Sassuolo Calcio,3,0
2024-01-20 12:30:00+00:00,Arsenal FC,Crystal Palace FC,5,0
2024-01-20 14:30:00+00:00,1. FC Köln,Borussia Dortmund,0,4
2024-01-20 14:30:00+00:00,VfL Bochum 1848,VfB Stuttgart,1,0
2024-01-20 14:30:00+00:00,SC Freiburg,TSG 1899 Hoffenheim,3,2
2024-01-20 14:30:00+00:00,1. FC Heidenheim 1846,VfL Wolfsburg,1,1
2024-01-20 14:30:00+00:00,SV Darmstadt 98,Eintracht Frankfurt,2,2
2024-01-20 17:00:00+00:00,AS Roma,Hellas Verona FC,2,1
2024-01-20 17:30:00+00:00,Brentford FC,Nottingham Forest FC,3,2
2024-01-20 17:30:00+00:00,RB Leipzig,Bayer 04 Leverkusen,2,3
2024-01-20 19:45:00+00:00,Udinese Calcio,AC Milan,2,3
2024-01-21 11:30:00+00:00,Frosinone Calcio,Cagliari Calcio,3,1
2024-01-21 14:00:00+00:00,Empoli FC,AC Monza,3,0
2024-01-21 14:00:00+00:00,Sheffield United FC,West Ham United FC,2,2
2024-01-21 14:30:00+00:00,FC Bayern München,SV Werder Bremen,0,1
2024-01-21 16:30:00+00:00,Borussia Mönchengladbach,FC Augsburg,1,2
2024-01-21 16:30:00+00:00,AFC Bournemouth,Liverpool FC,0,4
2024-01-21 17:00:00+00:00,US Salernitana 1919,Genoa CFC,1,2
2024-01-21 19:45:00+00:00,US Lecce,Juventus FC,0,3
2024-01-22 19:45:00+00:00,Brighton & Hove Albion FC,Wolverhampton Wanderers FC,0,0
2024-01-24 19:30:00+00:00,FC Bayern München,1. FC Union Berlin,1,0
2024-01-26 19:30:00+00:00,Eintracht Frankfurt,1. FSV Mainz 05,1,0
2024-01-26 19:45:00+00:00,Cagliari Calcio,Torino FC,1,2
2024-01-27 14:00:00+00:00,Atalanta BC,Udinese Calcio,2,0
2024-01-27 14:30:00+00:00,FC Augsburg,FC Bayern München,2,3
2024-01-27 14:30:00+00:00,VfB Stuttgart,RB Leipzig,5,2
2024-01-27 14:30:00+00:00,VfL Wolfsburg,1. FC Köln,1,1
2024-01-27 14:30:00+00:00,TSG 1899 Hoffenheim,1. FC Heidenheim 1846,1,1
2024-01-27 14:30:00+00:00,SV Werder Bremen,SC Freiburg,3,1
2024-01-27 17:00:00+00:00,Juventus FC,Empoli FC,1,1
2024-01-27 17:30:00+00:00,Bayer 04 Leverkusen,Borussia Mönchengladbach,0,0
2024-01-27 19:45:00+00:00,AC Milan,Bologna FC 1909,2,2
2024-01-28 11:30:00+00:00,Genoa CFC,US Lecce,2,1
2024-01-28 14:00:00+00:00,Hellas Verona FC,Frosinone Calcio,1,1
2024-01-28 14:00:00+00:00,AC Monza,US Sassuolo Calcio,1,0
2024-01-28 14:30:00+00:00,1. FC Union Berlin,SV Darmstadt 98,1,0
2024-01-28 16:30:00+00:00,Borussia Dortmund,VfL Bochum 1848,3,1
2024-01-28 17:00:00+00:00,SS Lazio,SSC Napoli,0,0
2024-01-28 19:45:00+00:00,ACF Fiorentina,FC Internazionale Milano,0,1
2024-01-29 19:45:00+00:00,US Salernitana 1919,AS Roma,1,2
2024-01-30 19:30:00+00:00,Nottingham Forest FC,Arsenal FC,1,2
2024-01-30 19:45:00+00:00,Luton Town FC,Brighton & Hove Albion FC,4,0
2024-01-30 19:45:00+00:00,Fulham FC,Everton FC,0,0
2024-01-30 20:00:00+00:00,Crystal Palace FC,Sheffield United FC,3,2
2024-01-30 20:15:00+00:00,Aston Villa FC,Newcastle United FC,1,3
2024-01-31 19:30:00+00:00,Manchester City FC,Burnley FC,3,1
2024-01-31 19:30:00+00:00,Tottenham Hotspur FC,Brentford FC,3,2
2024-01-31 20:15:00+00:00,Liverpool FC,Chelsea FC,4,1
2024-02-01 19:30:00+00:00,West Ham United FC,AFC Bournemouth,1,1
2024-02-01 20:15:00+00:00,Wolverhampton Wanderers FC,Manchester United FC,3,4
2024-02-02 19:30:00+00:00,1. FC Heidenheim 1846,Borussia Dortmund,0,0
2024-02-02 19:45:00+00:00,US Lecce,ACF Fiorentina,3,2
2024-02-03 12:30:00+00:00,Everton FC,Tottenham Hotspur FC,2,2
2024-02-03 14:00:00+00:00,Empoli FC,Genoa CFC,0,0
2024-02-03 14:00:00+00:00,Udinese Calcio,AC Monza,0,0
2024-02-03 14:30:00+00:00,SV Darmstadt 98,Bayer 04 Leverkusen,0,2
2024-02-03 14:30:00+00:00,VfL Bochum 1848,FC Augsburg,1,1
2024-02-03 14:30:00+00:00,1. FSV Mainz 05,SV Werder Bremen,0,1
2024-02-03 14:30:00+00:00,FC Bayern München,Borussia Mönchengladbach,3,1
2024-02-03 14:30:00+00:00,SC Freiburg,VfB Stuttgart,1,3
2024-02-03 15:00:00+00:00,Brighton & Hove Albion FC,Crystal Palace FC,4,1
2024-02-03 15:00:00+00:00,Burnley FC,Fulham FC,2,2
2024-02-03 15:00:00+00:00,Newcastle United FC,Luton Town FC,4,4
2024-02-03 17:00:00+00:00,Frosinone Calcio,AC Milan,2,3
2024-02-03 17:30:00+00:00,Sheffield United FC,Aston Villa FC,0,5
2024-02-03 17:30:00+00:00,1. FC Köln,Eintracht Frankfurt,2,0
2024-02-03 19:45:00+00:00,Bologna FC 1909,US Sassuolo Calcio,4,2
2024-02-04 11:30:00+00:00,Torino FC,US Salernitana 1919,0,0
2024-02-04 14:00:00+00:00,AFC Bournemouth,Nottingham Forest FC,1,1
2024-02-04 14:00:00+00:00,Chelsea FC,Wolverhampton Wanderers FC,2,4
2024-02-04 14:00:00+00:00,Manchester United FC,West Ham United FC,3,0
2024-02-04 14:00:00+00:00,SSC Napoli,Hellas Verona FC,2,1
2024-02-04 14:30:00+00:00,VfL Wolfsburg,TSG 1899 Hoffenheim,2,2
2024-02-04 16:30:00+00:00,RB Leipzig,1. FC Union Berlin,2,0
2024-02-04 16:30:00+00:00,Arsenal FC,Liverpool FC,3,1
2024-02-04 17:00:00+00:00,Atalanta BC,SS Lazio,3,1
2024-02-04 19:45:00+00:00,FC Internazionale Milano,Juventus FC,1,0
2024-02-05 19:45:00+00:00,AS Roma,Cagliari Calcio,4,0
2024-02-05 20:00:00+00:00,Brentford FC,Manchester City FC,1,3
2024-02-07 17:30:00+00:00,1. FSV Mainz 05,1. FC Union Berlin,1,1
2024-02-09 19:30:00+00:00,Borussia Dortmund,SC Freiburg,3,0
2024-02-09 19:45:00+00:00,US Salernitana 1919,Empoli FC,1,3
2024-02-10 12:30:00+00:00,Manchester City FC,Everton FC,2,0
2024-02-10 14:00:00+00:00,Cagliari Calcio,SS Lazio,1,3
2024-02-10 14:30:00+00:00,SV Werder Bremen,1. FC Heidenheim 1846,1,2
2024-02-10 14:30:00+00:00,Borussia Mönchengladbach,SV Darmstadt 98,0,0
2024-02-10 14:30:00+00:00,Eintracht Frankfurt,VfL Bochum 1848,1,1
2024-02-10 14:30:00+00:00,1. FC Union Berlin,VfL Wolfsburg,1,0
2024-02-10 14:30:00+00:00,FC Augsburg,RB Leipzig,2,2
2024-02-10 15:00:00+00:00,Fulham FC,AFC Bournemouth,3,1
2024-02-10 15:00:00+00:00,Liverpool FC,Burnley FC,3,1
2024-02-10 15:00:00+00:00,Tottenham Hotspur FC,Brighton & Hove Albion FC,2,1
2024-02-10 15:00:00+00:00,Wolverhampton Wanderers FC,Brentford FC,0,2
2024-02-10 15:00:00+00:00,Luton Town FC,Sheffield United FC,1,3
2024-02-10 17:00:00+00:00,AS Roma,FC Internazionale Milano,2,4
2024-02-10 17:30:00+00:00,Nottingham Forest FC,Newcastle United FC,2,3
2024-02-10 17:30:00+00:00,Bayer 04 Leverkusen,FC Bayern München,3,0
2024-02-10 19:45:00+00:00,US Sassuolo Calcio,Torino FC,1,1
2024-02-11 11:30:00+00:00,ACF Fiorentina,Frosinone Calcio,5,1
2024-02-11 14:00:00+00:00,AC Monza,Hellas Verona FC,0,0
2024-02-11 14:00:00+00:00,Bologna FC 1909,US Lecce,4,0
2024-02-11 14:00:00+00:00,West Ham United FC,Arsenal FC,0,6
2024-02-11 14:30:00+00:00,VfB Stuttgart,1. FSV Mainz 05,3,1
2024-02-11 16:30:00+00:00,TSG 1899 Hoffenheim,1. FC Köln,1,1
2024-02-11 16:30:00+00:00,Aston Villa FC,Manchester United FC,1,2
2024-02-11 17:00:00+00:00,Genoa CFC,Atalanta BC,1,4
2024-02-11 19:45:00+00:00,AC Milan,SSC Napoli,1,0
2024-02-12 19:45:00+00:00,Juventus FC,Udinese Calcio,0,1
2024-02-12 20:00:00+00:00,Crystal Palace FC,Chelsea FC,1,3
2024-02-14 18:00:00+00:00,Bologna FC 1909,ACF Fiorentina,2,0
2024-02-16 18:00:00+00:00,Torino FC,US Lecce,2,0
2024-02-16 19:30:00+00:00,1. FC Köln,SV Werder Bremen,0,1
2024-02-16 20:00:00+00:00,FC Internazionale Milano,US Salernitana 1919,4,0
2024-02-17 12:30:00+00:00,Brentford FC,Liverpool FC,1,4
2024-02-17 14:00:00+00:00,SSC Napoli,Genoa CFC,1,1
2024-02-17 14:30:00+00:00,1. FSV Mainz 05,FC Augsburg,1,0
2024-02-17 14:30:00+00:00,1. FC Heidenheim 1846,Bayer 04 Leverkusen,1,2
2024-02-17 14:30:00+00:00,TSG 1899 Hoffenheim,1. FC Union Berlin,0,1
2024-02-17 14:30:00+00:00,SV Darmstadt 98,VfB Stuttgart,1,2
2024-02-17 14:30:00+00:00,VfL Wolfsburg,Borussia Dortmund,1,1
2024-02-17 15:00:00+00:00,Tottenham Hotspur FC,Wolverhampton Wanderers FC,1,2
2024-02-17 15:00:00+00:00,Nottingham Forest FC,West Ham United FC,2,0
2024-02-17 15:00:00+00:00,Burnley FC,Arsenal FC,0,5
2024-02-17 15:00:00+00:00,Newcastle United FC,AFC Bournemouth,2,2
2024-02-17 15:00:00+00:00,Fulham FC,Aston Villa FC,1,2
2024-02-17 17:00:00+00:00,Hellas Verona FC,Juventus FC,2,2
2024-02-17 17:30:00+00:00,Manchester City FC,Chelsea FC,1,1
2024-02-17 17:30:00+00:00,RB Leipzig,Borussia Mönchengladbach,2,0
2024-02-17 19:45:00+00:00,Atalanta BC,US Sassuolo Calcio,3,0
2024-02-18 11:30:00+00:00,SS Lazio,Bologna FC 1909,1,2
2024-02-18 14:00:00+00:00,Empoli FC,ACF Fiorentina,1,1
2024-02-18 14:00:00+00:00,Sheffield United FC,Brighton & Hove Albion FC,0,5
2024-02-18 14:00:00+00:00,Udinese Calcio,Cagliari Calcio,1,1
2024-02-18 14:30:00+00:00,SC Freiburg,Eintracht Frankfurt,3,3
2024-02-18 16:30:00+00:00,VfL Bochum 1848,FC Bayern München,3,2
2024-02-18 16:30:00+00:00,Luton Town FC,Manchester United FC,1,2
2024-02-18 17:00:00+00:00,Frosinone Calcio,AS Roma,0,3
2024-02-18 19:45:00+00:00,AC Monza,AC Milan,4,2
2024-02-19 20:00:00+00:00,Everton FC,Crystal Palace FC,1,1
2024-02-20 19:30:00+00:00,Manchester City FC,Brentford FC,1,0
2024-02-21 19:30:00+00:00,Liverpool FC,Luton Town FC,4,1
2024-02-22 19:45:00+00:00,Torino FC,SS Lazio,0,2
2024-02-23 19:30:00+00:00,Bayer 04 Leverkusen,1. FSV Mainz 05,2,1
2024-02-23 19:45:00+00:00,Bologna FC 1909,Hellas Verona FC,2,0
2024-02-24 14:00:00+00:00,US Sassuolo Calcio,Empoli FC,2,3
2024-02-24 14:30:00+00:00,SV Werder Bremen,SV Darmstadt 98,1,1
2024-02-24 14:30:00+00:00,1. FC Union Berlin,1. FC Heidenheim 1846,2,2
2024-02-24 14:30:00+00:00,VfB Stuttgart,1. FC Köln,1,1
2024-02-24 14:40:00+00:00,Borussia Mönchengladbach,VfL Bochum 1848,5,2
2024-02-24 15:00:00+00:00,Aston Villa FC,Nottingham Forest FC,4,2
2024-02-24 15:00:00+00:00,Brighton & Hove Albion FC,Everton FC,1,1
2024-02-24 15:00:00+00:00,Crystal Palace FC,Burnley FC,3,0
2024-02-24 15:00:00+00:00,Manchester United FC,Fulham FC,1,2
2024-02-24 17:00:00+00:00,US Salernitana 1919,AC Monza,0,2
2024-02-24 17:30:00+00:00,AFC Bournemouth,Manchester City FC,0,1
2024-02-24 17:30:00+00:00,FC Bayern München,RB Leipzig,2,1
2024-02-24 19:45:00+00:00,Genoa CFC,Udinese Calcio,2,0
2024-02-24 20:00:00+00:00,Arsenal FC,Newcastle United FC,4,1
2024-02-25 11:30:00+00:00,Juventus FC,Frosinone Calcio,3,2
2024-02-25 13:30:00+00:00,Wolverhampton Wanderers FC,Sheffield United FC,1,0
2024-02-25 14:00:00+00:00,Cagliari Calcio,SSC Napoli,1,1
2024-02-25 14:30:00+00:00,Eintracht Frankfurt,VfL Wolfsburg,2,2
2024-02-25 16:30:00+00:00,Borussia Dortmund,TSG 1899 Hoffenheim,2,3
2024-02-25 17:00:00+00:00,US Lecce,FC Internazionale Milano,0,4
2024-02-25 18:30:00+00:00,FC Augsburg,SC Freiburg,2,1
2024-02-25 19:45:00+00:00,AC Milan,Atalanta BC,1,1
2024-02-26 17:30:00+00:00,AS Roma,Torino FC,3,2
2024-02-26 19:45:00+00:00,ACF Fiorentina,SS Lazio,2,1
2024-02-26 20:00:00+00:00,West Ham United FC,Brentford FC,4,2
2024-02-28 17:00:00+00:00,US Sassuolo Calcio,SSC Napoli,1,6
2024-02-28 19:45:00+00:00,FC Internazionale Milano,Atalanta BC,4,0
2024-03-01 19:30:00+00:00,SC Freiburg,FC Bayern München,2,2
2024-03-01 19:45:00+00:00,SS Lazio,AC Milan,0,1
2024-03-02 14:00:00+00:00,Udinese Calcio,US Salernitana 1919,1,1
2024-03-02 14:30:00+00:00,VfL Bochum 1848,RB Leipzig,1,4
2024-03-02 14:30:00+00:00,1. FC Union Berlin,Borussia Dortmund,0,2
2024-03-02 14:30:00+00:00,1. FC Heidenheim 1846,Eintracht Frankfurt,1,2
2024-03-02 14:30:00+00:00,1. FSV Mainz 05,Borussia Mönchengladbach,1,1
2024-03-02 14:30:00+00:00,SV Darmstadt 98,FC Augsburg,0,6
2024-03-02 15:00:00+00:00,Tottenham Hotspur FC,Crystal Palace FC,3,1
2024-03-02 15:00:00+00:00,Nottingham Forest FC,Liverpool FC,0,1
2024-03-02 15:00:00+00:00,Newcastle United FC,Wolverhampton Wanderers FC,3,0
2024-03-02 15:00:00+00:00,Fulham FC,Brighton & Hove Albion FC,3,0
2024-03-02 15:00:00+00:00,Everton FC,West Ham United FC,1,3
2024-03-02 15:00:00+00:00,Brentford FC,Chelsea FC,2,2
2024-03-02 17:00:00+00:00,AC Monza,AS Roma,1,4
2024-03-02 17:30:00+00:00,Luton Town FC,Aston Villa FC,2,3
2024-03-02 17:30:00+00:00,VfL Wolfsburg,VfB Stuttgart,2,3
2024-03-02 19:45:00+00:00,Torino FC,ACF Fiorentina,0,0
2024-03-03 11:30:00+00:00,Hellas Verona FC,US Sassuolo Calcio,1,0
2024-03-03 13:00:00+00:00,Burnley FC,AFC Bournemouth,0,2
2024-03-03 14:00:00+00:00,Frosinone Calcio,US Lecce,1,1
2024-03-03 14:00:00+00:00,Empoli FC,Cagliari Calcio,0,1
2024-03-03 14:30:00+00:00,1. FC Köln,Bayer 04 Leverkusen,0,2
2024-03-03 15:30:00+00:00,Manchester City FC,Manchester United FC,3,1
2024-03-03 16:30:00+00:00,TSG 1899 Hoffenheim,SV Werder Bremen,2,1
2024-03-03 17:00:00+00:00,Atalanta BC,Bologna FC 1909,1,2
2024-03-03 19:45:00+00:00,SSC Napoli,Juventus FC,2,1
2024-03-04 19:45:00+00:00,FC Internazionale Milano,Genoa CFC,2,1
2024-03-04 20:00:00+00:00,Sheffield United FC,Arsenal FC,0,6
2024-03-08 19:30:00+00:00,VfB Stuttgart,1. FC Union Berlin,2,0
2024-03-08 19:45:00+00:00,SSC Napoli,Torino FC,1,1
2024-03-09 12:30:00+00:00,Manchester United FC,Everton FC,2,0
2024-03-09 14:00:00+00:00,Cagliari Calcio,US Salernitana 1919,4,2
2024-03-09 14:00:00+00:00,US Sassuolo Calcio,Frosinone Calcio,1,0
2024-03-09 14:30:00+00:00,RB Leipzig,SV Darmstadt 98,2,0
2024-03-09 14:30:00+00:00,FC Augsburg,1. FC Heidenheim 1846,1,0
2024-03-09 14:30:00+00:00,Borussia Mönchengladbach,1. FC Köln,3,3
2024-03-09 14:30:00+00:00,FC Bayern München,1. FSV Mainz 05,8,1
2024-03-09 15:00:00+00:00,Wolverhampton Wanderers FC,Fulham FC,2,1
2024-03-09 15:00:00+00:00,Crystal Palace FC,Luton Town FC,1,1
2024-03-09 15:00:00+00:00,AFC Bournemouth,Sheffield United FC,2,2
2024-03-09 17:00:00+00:00,Bologna FC 1909,FC Internazionale Milano,0,1
2024-03-09 17:30:00+00:00,Arsenal FC,Brentford FC,2,1
2024-03-09 17:30:00+00:00,SV Werder Bremen,Borussia Dortmund,1,2
2024-03-09 19:45:00+00:00,Genoa CFC,AC Monza,2,3
2024-03-10 11:30:00+00:00,US Lecce,Hellas Verona FC,0,1
2024-03-10 13:00:00+00:00,Aston Villa FC,Tottenham Hotspur FC,0,4
2024-03-10 14:00:00+00:00,AC Milan,Empoli FC,1,0
2024-03-10 14:00:00+00:00,Brighton & Hove Albion FC,Nottingham Forest FC,1,0
2024-03-10 14:00:00+00:00,West Ham United FC,Burnley FC,2,2
2024-03-10 14:30:00+00:00,VfL Bochum 1848,SC Freiburg,1,2
2024-03-10 15:45:00+00:00,Liverpool FC,Manchester City FC,1,1
2024-03-10 16:30:00+00:00,Eintracht Frankfurt,TSG 1899 Hoffenheim,3,1
2024-03-10 17:00:00+00:00,Juventus FC,Atalanta BC,2,2
2024-03-10 18:30:00+00:00,Bayer 04 Leverkusen,VfL Wolfsburg,2,0
2024-03-10 19:45:00+00:00,ACF Fiorentina,AS Roma,2,2
2024-03-11 19:45:00+00:00,SS Lazio,Udinese Calcio,1,2
2024-03-11 20:00:00+00:00,Chelsea FC,Newcastle United FC,3,2
2024-03-13 19:30:00+00:00,AFC Bournemouth,Luton Town FC,4,3
2024-03-15 19:30:00+00:00,1. FC Köln,RB Leipzig,1,5
2024-03-15 19:45:00+00:00,Empoli FC,Bologna FC 1909,0,1
2024-03-16 14:00:00+00:00,AC Monza,Cagliari Calcio,1,0
2024-03-16 14:00:00+00:00,Udinese Calcio,Torino FC,0,2
2024-03-16 14:30:00+00:00,1. FC Union Berlin,SV Werder Bremen,2,1
2024-03-16 14:30:00+00:00,VfL Wolfsburg,FC Augsburg,1,3
2024-03-16 14:30:00+00:00,1. FC Heidenheim 1846,Borussia Mönchengladbach,1,1
2024-03-16 14:30:00+00:00,SV Darmstadt 98,FC Bayern München,2,5
2024-03-16 14:30:00+00:00,1. FSV Mainz 05,VfL Bochum 1848,2,0
2024-03-16 15:00:00+00:00,Burnley FC,Brentford FC,2,1
2024-03-16 15:00:00+00:00,Luton Town FC,Nottingham Forest FC,1,1
2024-03-16 17:00:00+00:00,US Salernitana 1919,US Lecce,0,1
2024-03-16 17:30:00+00:00,TSG 1899 Hoffenheim,VfB Stuttgart,0,3
2024-03-16 17:30:00+00:00,Fulham FC,Tottenham Hotspur FC,3,0
2024-03-16 19:45:00+00:00,Frosinone Calcio,SS Lazio,2,3
2024-03-17 11:30:00+00:00,Juventus FC,Genoa CFC,0,0
2024-03-17 14:00:00+00:00,West Ham United FC,Aston Villa FC,1,1
2024-03-17 14:00:00+00:00,Hellas Verona FC,AC Milan,1,3
2024-03-17 14:30:00+00:00,SC Freiburg,Bayer 04 Leverkusen,2,3
2024-03-17 16:30:00+00:00,Borussia Dortmund,Eintracht Frankfurt,3,1
2024-03-17 17:00:00+00:00,AS Roma,US Sassuolo Calcio,1,0
2024-03-17 19:45:00+00:00,FC Internazionale Milano,SSC Napoli,1,1
2024-03-30 11:30:00+00:00,SSC Napoli,Atalanta BC,0,3
2024-03-30 12:30:00+00:00,Newcastle United FC,West Ham United FC,4,3
2024-03-30 14:00:00+00:00,Torino FC,AC Monza,1,0
2024-03-30 14:00:00+00:00,Genoa CFC,Frosinone Calcio,1,1
2024-03-30 14:30:00+00:00,Eintracht Frankfurt,1. FC Union Berlin,0,0
2024-03-30 14:30:00+00:00,Borussia Mönchengladbach,SC Freiburg,0,3
2024-03-30 14:30:00+00:00,SV Werder Bremen,VfL Wolfsburg,0,2
2024-03-30 14:30:00+00:00,RB Leipzig,1. FSV Mainz 05,0,0
2024-03-30 14:30:00+00:00,Bayer 04 Leverkusen,TSG 1899 Hoffenheim,2,1
2024-03-30 15:00:00+00:00,Tottenham Hotspur FC,Luton Town FC,2,1
2024-03-30 15:00:00+00:00,AFC Bournemouth,Everton FC,2,1
2024-03-30 15:00:00+00:00,Chelsea FC,Burnley FC,2,2
2024-03-30 15:00:00+00:00,Nottingham Forest FC,Crystal Palace FC,1,1
2024-03-30 15:00:00+00:00,Sheffield United FC,Fulham FC,3,3
2024-03-30 17:00:00+00:00,SS Lazio,Juventus FC,1,0
2024-03-30 17:30:00+00:00,Aston Villa FC,Wolverhampton Wanderers FC,2,0
2024-03-30 17:30:00+00:00,FC Bayern München,Borussia Dortmund,0,2
2024-03-30 19:45:00+00:00,ACF Fiorentina,AC Milan,1,2
2024-03-30 20:00:00+00:00,Brentford FC,Manchester United FC,1,1
2024-03-31 13:00:00+00:00,Liverpool FC,Brighton & Hove Albion FC,2,1
2024-03-31 13:30:00+00:00,FC Augsburg,1. FC Köln,1,1
2024-03-31 15:30:00+00:00,VfB Stuttgart,1. FC Heidenheim 1846,3,3
2024-03-31 15:30:00+00:00,Manchester City FC,Arsenal FC,0,0
2024-03-31 17:30:00+00:00,VfL Bochum 1848,SV Darmstadt 98,2,2
2024-04-01 10:30:00+00:00,Bologna FC 1909,US Salernitana 1919,3,0
2024-04-01 13:00:00+00:00,Cagliari Calcio,Hellas Verona FC,1,1
2024-04-01 13:00:00+00:00,US Sassuolo Calcio,Udinese Calcio,1,1
2024-04-01 16:00:00+00:00,US Lecce,AS Roma,0,0
2024-04-01 18:45:00+00:00,FC Internazionale Milano,Empoli FC,2,0
2024-04-02 18:30:00+00:00,Nottingham Forest FC,Fulham FC,3,1
2024-04-02 18:30:00+00:00,Newcastle United FC,Everton FC,1,1
2024-04-02 18:45:00+00:00,AFC Bournemouth,Crystal Palace FC,1,0
2024-04-02 18:45:00+00:00,Burnley FC,Wolverhampton Wanderers FC,1,1
2024-04-02 19:15:00+00:00,West Ham United FC,Tottenham Hotspur FC,1,1
2024-04-03 18:30:00+00:00,Brentford FC,Brighton & Hove Albion FC,0,0
2024-04-03 18:30:00+00:00,Arsenal FC,Luton Town FC,2,0
2024-04-03 19:15:00+00:00,Manchester City FC,Aston Villa FC,4,1
2024-04-04 18:30:00+00:00,Liverpool FC,Sheffield United FC,3,1
2024-04-04 19:15:00+00:00,Chelsea FC,Manchester United FC,4,3
2024-04-05 18:30:00+00:00,Eintracht Frankfurt,SV Werder Bremen,1,1
2024-04-05 18:45:00+00:00,US Salernitana 1919,US Sassuolo Calcio,2,2
2024-04-06 11:30:00+00:00,Crystal Palace FC,Manchester City FC,2,4
2024-04-06 13:00:00+00:00,AC Milan,US Lecce,3,0
2024-04-06 13:30:00+00:00,1. FC Union Berlin,Bayer 04 Leverkusen,0,1
2024-04-06 13:30:00+00:00,1. FSV Mainz 05,SV Darmstadt 98,4,0
2024-04-06 13:30:00+00:00,SC Freiburg,RB Leipzig,1,4
2024-04-06 13:30:00+00:00,1. FC Heidenheim 1846,FC Bayern München,3,2
2024-04-06 13:30:00+00:00,1. FC Köln,VfL Bochum 1848,2,1
2024-04-06 14:00:00+00:00,Everton FC,Burnley FC,1,0
2024-04-06 14:00:00+00:00,Fulham FC,Newcastle United FC,0,1
2024-04-06 14:00:00+00:00,Wolverhampton Wanderers FC,West Ham United FC,1,2
2024-04-06 14:00:00+00:00,Luton Town FC,AFC Bournemouth,2,1
2024-04-06 14:00:00+00:00,Aston Villa FC,Brentford FC,3,3
2024-04-06 16:00:00+00:00,AS Roma,SS Lazio,1,0
2024-04-06 16:30:00+00:00,Brighton & Hove Albion FC,Arsenal FC,0,3
2024-04-06 16:30:00+00:00,Borussia Dortmund,VfB Stuttgart,0,1
2024-04-06 18:45:00+00:00,Empoli FC,Torino FC,3,2
2024-04-07 10:30:00+00:00,Frosinone Calcio,Bologna FC 1909,0,0
2024-04-07 13:00:00+00:00,AC Monza,SSC Napoli,2,4
2024-04-07 13:30:00+00:00,TSG 1899 Hoffenheim,FC Augsburg,3,1
2024-04-07 14:30:00+00:00,Manchester United FC,Liverpool FC,2,2
2024-04-07 15:30:00+00:00,VfL Wolfsburg,Borussia Mönchengladbach,1,3
2024-04-07 16:00:00+00:00,Cagliari Calcio,Atalanta BC,2,1
2024-04-07 16:00:00+00:00,Hellas Verona FC,Genoa CFC,1,2
2024-04-07 16:30:00+00:00,Sheffield United FC,Chelsea FC,2,2
2024-04-07 17:00:00+00:00,Tottenham Hotspur FC,Nottingham Forest FC,3,1
2024-04-07 18:45:00+00:00,Juventus FC,ACF Fiorentina,1,0
2024-04-08 18:45:00+00:00,Udinese Calcio,FC Internazionale Milano,1,2
2024-04-12 18:30:00+00:00,FC Augsburg,1. FC Union Berlin,2,0
2024-04-12 18:45:00+00:00,SS Lazio,US Salernitana 1919,4,1
2024-04-13 11:30:00+00:00,Newcastle United FC,Tottenham Hotspur FC,4,0
2024-04-13 13:00:00+00:00,US Lecce,Empoli FC,1,0
2024-04-13 13:30:00+00:00,RB Leipzig,VfL Wolfsburg,3,0
2024-04-13 13:30:00+00:00,FC Bayern München,1. FC Köln,2,0
2024-04-13 13:30:00+00:00,1. FSV Mainz 05,TSG 1899 Hoffenheim,4,1
2024-04-13 13:30:00+00:00,VfL Bochum 1848,1. FC Heidenheim 1846,1,1
2024-04-13 13:30:00+00:00,Borussia Mönchengladbach,Borussia Dortmund,1,2
2024-04-13 14:00:00+00:00,Brentford FC,Sheffield United FC,2,0
2024-04-13 14:00:00+00:00,Manchester City FC,Luton Town FC,5,1
2024-04-13 14:00:00+00:00,Nottingham Forest FC,Wolverhampton Wanderers FC,2,2
2024-04-13 14:00:00+00:00,Burnley FC,Brighton & Hove Albion FC,1,1
2024-04-13 16:00:00+00:00,Torino FC,Juventus FC,0,0
2024-04-13 16:30:00+00:00,AFC Bournemouth,Manchester United FC,2,2
2024-04-13 16:30:00+00:00,VfB Stuttgart,Eintracht Frankfurt,3,0
2024-04-13 18:45:00+00:00,Bologna FC 1909,AC Monza,0,0
2024-04-14 10:30:00+00:00,SSC Napoli,Frosinone Calcio,2,2
2024-04-14 13:00:00+00:00,Liverpool FC,Crystal Palace FC,0,1
2024-04-14 13:00:00+00:00,West Ham United FC,Fulham FC,0,2
2024-04-14 13:00:00+00:00,US Sassuolo Calcio,AC Milan,3,3
2024-04-14 13:30:00+00:00,SV Darmstadt 98,SC Freiburg,0,1
2024-04-14 15:30:00+00:00,Arsenal FC,Aston Villa FC,0,2
2024-04-14 15:30:00+00:00,Bayer 04 Leverkusen,SV Werder Bremen,5,0
2024-04-14 18:45:00+00:00,FC Internazionale Milano,Cagliari Calcio,2,2
2024-04-15 16:30:00+00:00,ACF Fiorentina,Genoa CFC,1,1
2024-04-15 18:45:00+00:00,Atalanta BC,Hellas Verona FC,2,2
2024-04-15 19:00:00+00:00,Chelsea FC,Everton FC,6,0
2024-04-19 16:30:00+00:00,Genoa CFC,SS Lazio,0,1
2024-04-19 18:30:00+00:00,Eintracht Frankfurt,FC Augsburg,3,1
2024-04-19 18:45:00+00:00,Cagliari Calcio,Juventus FC,2,2
2024-04-20 13:30:00+00:00,1. FC Heidenheim 1846,RB Leipzig,1,2
2024-04-20 13:30:00+00:00,TSG 1899 Hoffenheim,Borussia Mönchengladbach,4,3
2024-04-20 13:30:00+00:00,VfL Wolfsburg,VfL Bochum 1848,1,0
2024-04-20 13:30:00+00:00,1. FC Köln,SV Darmstadt 98,0,2
2024-04-20 14:00:00+00:00,Sheffield United FC,Burnley FC,1,4
2024-04-20 14:00:00+00:00,Luton Town FC,Brentford FC,1,5
2024-04-20 16:00:00+00:00,Empoli FC,SSC Napoli,1,0
2024-04-20 16:30:00+00:00,1. FC Union Berlin,FC Bayern München,1,5
2024-04-20 18:30:00+00:00,Wolverhampton Wanderers FC,Arsenal FC,0,2
2024-04-20 18:45:00+00:00,Hellas Verona FC,Udinese Calcio,1,0
2024-04-21 10:30:00+00:00,US Sassuolo Calcio,US Lecce,0,3
2024-04-21 12:30:00+00:00,Everton FC,Nottingham Forest FC,2,0
2024-04-21 13:00:00+00:00,Torino FC,Frosinone Calcio,0,0
2024-04-21 13:30:00+00:00,SV Werder Bremen,VfB Stuttgart,2,1
2024-04-21 14:00:00+00:00,Crystal Palace FC,West Ham United FC,5,2
2024-04-21 14:00:00+00:00,Aston Villa FC,AFC Bournemouth,3,1
2024-04-21 15:30:00+00:00,Fulham FC,Liverpool FC,1,3
2024-04-21 15:30:00+00:00,Borussia Dortmund,Bayer 04 Leverkusen,1,1
2024-04-21 16:00:00+00:00,US Salernitana 1919,ACF Fiorentina,0,2
2024-04-21 17:30:00+00:00,SC Freiburg,1. FSV Mainz 05,1,1
2024-04-21 18:45:00+00:00,AC Monza,Atalanta BC,1,2
2024-04-22 16:30:00+00:00,AS Roma,Bologna FC 1909,1,3
2024-04-22 18:45:00+00:00,AC Milan,FC Internazionale Milano,1,2
2024-04-23 19:00:00+00:00,Arsenal FC,Chelsea FC,5,0
2024-04-24 18:45:00+00:00,Wolverhampton Wanderers FC,AFC Bournemouth,0,1
2024-04-24 19:00:00+00:00,Manchester United FC,Sheffield United FC,4,2
2024-04-24 19:00:00+00:00,Everton FC,Liverpool FC,2,0
2024-04-24 19:00:00+00:00,Crystal Palace FC,Newcastle United FC,2,0
2024-04-25 18:00:00+00:00,Udinese Calcio,AS Roma,1,2
2024-04-25 19:00:00+00:00,Brighton & Hove Albion FC,Manchester City FC,0,4
2024-04-26 18:30:00+00:00,VfL Bochum 1848,TSG 1899 Hoffenheim,3,2
2024-04-26 18:45:00+00:00,Frosinone Calcio,US Salernitana 1919,3,0
2024-04-27 11:30:00+00:00,West Ham United FC,Liverpool FC,2,2
2024-04-27 13:00:00+00:00,US Lecce,AC Monza,1,1
2024-04-27 13:30:00+00:00,FC Augsburg,SV Werder Bremen,0,3
2024-04-27 13:30:00+00:00,SC Freiburg,VfL Wolfsburg,1,2
2024-04-27 13:30:00+00:00,FC Bayern München,Eintracht Frankfurt,2,1
2024-04-27 13:30:00+00:00,RB Leipzig,Borussia Dortmund,4,1
2024-04-27 14:00:00+00:00,Manchester United FC,Burnley FC,1,1
2024-04-27 14:00:00+00:00,Wolverhampton Wanderers FC,Luton Town FC,2,1
2024-04-27 14:00:00+00:00,Newcastle United FC,Sheffield United FC,5,1
2024-04-27 14:00:00+00:00,Fulham FC,Crystal Palace FC,1,1
2024-04-27 16:00:00+00:00,Juventus FC,AC Milan,0,0
2024-04-27 16:30:00+00:00,Bayer 04 Leverkusen,VfB Stuttgart,2,2
2024-04-27 16:30:00+00:00,Everton FC,Brentford FC,1,0
2024-04-27 18:45:00+00:00,SS Lazio,Hellas Verona FC,1,0
2024-04-27 19:00:00+00:00,Aston Villa FC,Chelsea FC,2,2
2024-04-28 10:30:00+00:00,FC Internazionale Milano,Torino FC,2,0
2024-04-28 13:00:00+00:00,Bologna FC 1909,Udinese Calcio,1,1
2024-04-28 13:00:00+00:00,AFC Bournemouth,Brighton & Hove Albion FC,3,0
2024-04-28 13:00:00+00:00,Tottenham Hotspur FC,Arsenal FC,2,3
2024-04-28 13:30:00+00:00,Borussia Mönchengladbach,1. FC Union Berlin,0,0
2024-04-28 15:30:00+00:00,Nottingham Forest FC,Manchester City FC,0,2
2024-04-28 15:30:00+00:00,1. FSV Mainz 05,1. FC Köln,1,1
2024-04-28 16:00:00+00:00,SSC Napoli,AS Roma,2,2
2024-04-28 16:00:00+00:00,Atalanta BC,Empoli FC,2,0
2024-04-28 17:30:00+00:00,SV Darmstadt 98,1. FC Heidenheim 1846,0,1
2024-04-28 18:45:00+00:00,ACF Fiorentina,US Sassuolo Calcio,5,1
2024-04-29 18:45:00+00:00,Genoa CFC,Cagliari Calcio,3,0
2024-05-02 18:30:00+00:00,Chelsea FC,Tottenham Hotspur FC,2,0
2024-05-03 18:30:00+00:00,TSG 1899 Hoffenheim,RB Leipzig,1,1
2024-05-03 18:45:00+00:00,Torino FC,Bologna FC 1909,0,0
2024-05-03 19:00:00+00:00,Luton Town FC,Everton FC,1,1
2024-05-04 11:30:00+00:00,Arsenal FC,AFC Bournemouth,3,0
2024-05-04 13:30:00+00:00,VfB Stuttgart,FC Bayern München,3,1
2024-05-04 13:30:00+00:00,Borussia Dortmund,FC Augsburg,5,1
2024-05-04 13:30:00+00:00,VfL Wolfsburg,SV Darmstadt 98,3,0
2024-05-04 13:30:00+00:00,SV Werder Bremen,Borussia Mönchengladbach,2,2
2024-05-04 14:00:00+00:00,Burnley FC,Newcastle United FC,1,4
2024-05-04 14:00:00+00:00,Brentford FC,Fulham FC,0,0
2024-05-04 14:00:00+00:00,Sheffield United FC,Nottingham Forest FC,1,3
2024-05-04 16:00:00+00:00,AC Monza,SS Lazio,2,2
2024-05-04 16:30:00+00:00,Manchester City FC,Wolverhampton Wanderers FC,5,1
2024-05-04 16:30:00+00:00,1. FC Köln,SC Freiburg,0,0
2024-05-04 18:45:00+00:00,US Sassuolo Calcio,FC Internazionale Milano,1,0
2024-05-05 10:30:00+00:00,Cagliari Calcio,US Lecce,1,1
2024-05-05 13:00:00+00:00,Chelsea FC,West Ham United FC,5,0
2024-05-05 13:00:00+00:00,Brighton & Hove Albion FC,Aston Villa FC,1,0
2024-05-05 13:00:00+00:00,Hellas Verona FC,ACF Fiorentina,2,1
2024-05-05 13:00:00+00:00,Empoli FC,Frosinone Calcio,0,0
2024-05-05 13:30:00+00:00,1. FC Union Berlin,VfL Bochum 1848,3,4
2024-05-05 15:30:00+00:00,Eintracht Frankfurt,Bayer 04 Leverkusen,1,5
2024-05-05 15:30:00+00:00,Liverpool FC,Tottenham Hotspur FC,4,2
2024-05-05 16:00:00+00:00,AC Milan,Genoa CFC,3,3
2024-05-05 17:30:00+00:00,1. FC Heidenheim 1846,1. FSV Mainz 05,1,1
2024-05-05 18:45:00+00:00,AS Roma,Juventus FC,1,1
2024-05-06 16:00:00+00:00,US Salernitana 1919,Atalanta BC,1,2
2024-05-06 18:45:00+00:00,Udinese Calcio,SSC Napoli,1,1
2024-05-06 19:00:00+00:00,Crystal Palace FC,Manchester United FC,4,0
2024-05-10 18:30:00+00:00,FC Augsburg,VfB Stuttgart,0,1
2024-05-10 18:45:00+00:00,Frosinone Calcio,FC Internazionale Milano,0,5
2024-05-11 11:30:00+00:00,Fulham FC,Manchester City FC,0,4
2024-05-11 13:30:00+00:00,1. FC Köln,1. FC Union Berlin,3,2
2024-05-11 13:30:00+00:00,SC Freiburg,1. FC Heidenheim 1846,1,1
2024-05-11 13:30:00+00:00,RB Leipzig,SV Werder Bremen,1,1
2024-05-11 13:30:00+00:00,Borussia Mönchengladbach,Eintracht Frankfurt,1,1
2024-05-11 14:00:00+00:00,West Ham United FC,Luton Town FC,3,1
2024-05-11 14:00:00+00:00,Wolverhampton Wanderers FC,Crystal Palace FC,1,3
2024-05-11 14:00:00+00:00,AFC Bournemouth,Brentford FC,1,2
2024-05-11 14:00:00+00:00,Everton FC,Sheffield United FC,1,0
2024-05-11 14:00:00+00:00,Tottenham Hotspur FC,Burnley FC,2,1
2024-05-11 14:00:00+00:00,Newcastle United FC,Brighton & Hove Albion FC,1,1
2024-05-11 16:00:00+00:00,SSC Napoli,Bologna FC 1909,0,2
2024-05-11 16:30:00+00:00,Nottingham Forest FC,Chelsea FC,2,3
2024-05-11 16:30:00+00:00,1. FSV Mainz 05,Borussia Dortmund,3,0
2024-05-11 18:45:00+00:00,AC Milan,Cagliari Calcio,5,1
2024-05-12 10:30:00+00:00,SS Lazio,Empoli FC,2,0
2024-05-12 13:00:00+00:00,Hellas Verona FC,Torino FC,1,2
2024-05-12 13:00:00+00:00,Genoa CFC,US Sassuolo Calcio,2,1
2024-05-12 13:30:00+00:00,SV Darmstadt 98,TSG 1899 Hoffenheim,0,6
2024-05-12 15:30:00+00:00,FC Bayern München,VfL Wolfsburg,2,0
2024-05-12 15:30:00+00:00,Manchester United FC,Arsenal FC,0,1
2024-05-12 16:00:00+00:00,Juventus FC,US Salernitana 1919,1,1
2024-05-12 17:30:00+00:00,VfL Bochum 1848,Bayer 04 Leverkusen,0,5
2024-05-12 18:45:00+00:00,Atalanta BC,AS Roma,2,1
2024-05-13 16:30:00+00:00,US Lecce,Udinese Calcio,0,2
2024-05-13 18:45:00+00:00,ACF Fiorentina,AC Monza,2,1
2024-05-13 19:00:00+00:00,Aston Villa FC,Liverpool FC,3,3
2024-05-14 19:00:00+00:00,Tottenham Hotspur FC,Manchester City FC,0,2
2024-05-15 18:45:00+00:00,Brighton & Hove Albion FC,Chelsea FC,1,2
2024-05-15 19:00:00+00:00,Manchester United FC,Newcastle United FC,3,2
2024-05-17 18:45:00+00:00,ACF Fiorentina,SSC Napoli,2,2
2024-05-18 13:30:00+00:00,1. FC Heidenheim 1846,1. FC Köln,4,1
2024-05-18 13:30:00+00:00,TSG 1899 Hoffenheim,FC Bayern München,4,2
2024-05-18 13:30:00+00:00,VfB Stuttgart,Borussia Mönchengladbach,4,0
2024-05-18 13:30:00+00:00,VfL Wolfsburg,1. FSV Mainz 05,1,3
2024-05-18 13:30:00+00:00,Eintracht Frankfurt,RB Leipzig,2,2
2024-05-18 13:30:00+00:00,1. FC Union Berlin,SC Freiburg,2,1
2024-05-18 13:30:00+00:00,Borussia Dortmund,SV Darmstadt 98,4,0
2024-05-18 13:30:00+00:00,Bayer 04 Leverkusen,FC Augsburg,2,1
2024-05-18 13:30:00+00:00,SV Werder Bremen,VfL Bochum 1848,4,1
2024-05-18 16:00:00+00:00,US Lecce,Atalanta BC,0,2
2024-05-18 18:45:00+00:00,Torino FC,AC Milan,3,1
2024-05-19 10:30:00+00:00,US Sassuolo Calcio,Cagliari Calcio,0,2
2024-05-19 13:00:00+00:00,AC Monza,Frosinone Calcio,0,1
2024-05-19 13:00:00+00:00,Udinese Calcio,Empoli FC,1,1
2024-05-19 15:00:00+00:00,Brighton & Hove Albion FC,Manchester United FC,0,2
2024-05-19 15:00:00+00:00,Sheffield United FC,Tottenham Hotspur FC,0,3
2024-05-19 15:00:00+00:00,Manchester City FC,West Ham United FC,3,1
2024-05-19 15:00:00+00:00,Luton Town FC,Fulham FC,2,4
2024-05-19 15:00:00+00:00,Liverpool FC,Wolverhampton Wanderers FC,2,0
2024-05-19 15:00:00+00:00,Crystal Palace FC,Aston Villa FC,5,0
2024-05-19 15:00:00+00:00,Chelsea FC,AFC Bournemouth,2,1
2024-05-19 15:00:00+00:00,Arsenal FC,Everton FC,2,1
2024-05-19 15:00:00+00:00,Brentford FC,Newcastle United FC,2,4
2024-05-19 15:00:00+00:00,Burnley FC,Nottingham Forest FC,1,2
2024-05-19 16:00:00+00:00,FC Internazionale Milano,SS Lazio,1,1
2024-05-19 18:45:00+00:00,AS Roma,Genoa CFC,1,0
2024-05-20 16:30:00+00:00,US Salernitana 1919,Hellas Verona FC,1,2
2024-05-20 18:45:00+00:00,Bologna FC 1909,Juventus FC,3,3
2024-05-23 18:45:00+00:00,Cagliari Calcio,ACF Fiorentina,2,3
2024-05-24 18:45:00+00:00,Genoa CFC,Bologna FC 1909,2,0
2024-05-25 16:00:00+00:00,Juventus FC,AC Monza,2,0
2024-05-25 18:45:00+00:00,AC Milan,US Salernitana 1919,3,3
2024-05-26 16:00:00+00:00,Atalanta BC,Torino FC,3,0
2024-05-26 16:00:00+00:00,SSC Napoli,US Lecce,0,0
2024-05-26 18:45:00+00:00,Hellas Verona FC,FC Internazionale Milano,2,2
2024-05-26 18:45:00+00:00,SS Lazio,US Sassuolo Calcio,1,1
2024-05-26 18:45:00+00:00,Empoli FC,AS Roma,2,1
2024-05-26 18:45:00+00:00,Frosinone Calcio,Udinese Calcio,0,1
2024-06-02 16:00:00+00:00,Atalanta BC,ACF Fiorentina,2,3
